 1.00000000e+00  1.00000000e+00  0.00000000e+00  1.00000000e+00 -1.97814931e+01  1.00000000e+00 -7.87657797e-04 
 1.01157945e+00  1.01157945e+00  0.00000000e+00  1.01157945e+00 -1.97814931e+01  1.01157945e+00 -7.96778445e-04 
 1.02329299e+00  1.02329299e+00  0.00000000e+00  1.02329299e+00 -1.97814931e+01  1.02329299e+00 -8.06004704e-04 
 1.03514217e+00  1.03514217e+00  0.00000000e+00  1.03514217e+00 -1.97814931e+01  1.03514217e+00 -8.15337799e-04 
 1.04712855e+00  1.04712855e+00  0.00000000e+00  1.04712855e+00 -1.97814931e+01  1.04712855e+00 -8.24778966e-04 
 1.05925373e+00  1.05925373e+00  0.00000000e+00  1.05925373e+00 -1.97814931e+01  1.05925373e+00 -8.34329456e-04 
 1.07151931e+00  1.07151931e+00  0.00000000e+00  1.07151931e+00 -1.97814931e+01  1.07151931e+00 -8.43990536e-04 
 1.08392691e+00  1.08392691e+00  0.00000000e+00  1.08392691e+00 -1.97814931e+01  1.08392691e+00 -8.53763486e-04 
 1.09647820e+00  1.09647820e+00  0.00000000e+00  1.09647820e+00 -1.97814931e+01  1.09647820e+00 -8.63649601e-04 
 1.10917482e+00  1.10917482e+00  0.00000000e+00  1.10917482e+00 -1.97814931e+01  1.10917482e+00 -8.73650192e-04 
 1.12201845e+00  1.12201845e+00  0.00000000e+00  1.12201845e+00 -1.97814931e+01  1.12201845e+00 -8.83766584e-04 
 1.13501082e+00  1.13501082e+00  0.00000000e+00  1.13501082e+00 -1.97814931e+01  1.13501082e+00 -8.94000119e-04 
 1.14815362e+00  1.14815362e+00  0.00000000e+00  1.14815362e+00 -1.97814931e+01  1.14815362e+00 -9.04352153e-04 
 1.16144861e+00  1.16144861e+00  0.00000000e+00  1.16144861e+00 -1.97814931e+01  1.16144861e+00 -9.14824057e-04 
 1.17489755e+00  1.17489755e+00  0.00000000e+00  1.17489755e+00 -1.97814931e+01  1.17489755e+00 -9.25417220e-04 
 1.18850223e+00  1.18850223e+00  0.00000000e+00  1.18850223e+00 -1.97814931e+01  1.18850223e+00 -9.36133047e-04 
 1.20226443e+00  1.20226443e+00  0.00000000e+00  1.20226443e+00 -1.97814931e+01  1.20226443e+00 -9.46972956e-04 
 1.21618600e+00  1.21618600e+00  0.00000000e+00  1.21618600e+00 -1.97814931e+01  1.21618600e+00 -9.57938387e-04 
 1.23026877e+00  1.23026877e+00  0.00000000e+00  1.23026877e+00 -1.97814931e+01  1.23026877e+00 -9.69030790e-04 
 1.24451461e+00  1.24451461e+00  0.00000000e+00  1.24451461e+00 -1.97814931e+01  1.24451461e+00 -9.80251638e-04 
 1.25892541e+00  1.25892541e+00  0.00000000e+00  1.25892541e+00 -1.97814931e+01  1.25892541e+00 -9.91602417e-04 
 1.27350308e+00  1.27350308e+00  0.00000000e+00  1.27350308e+00 -1.97814931e+01  1.27350308e+00 -1.00308463e-03 
 1.28824955e+00  1.28824955e+00  0.00000000e+00  1.28824955e+00 -1.97814931e+01  1.28824955e+00 -1.01469980e-03 
 1.30316678e+00  1.30316678e+00  0.00000000e+00  1.30316678e+00 -1.97814931e+01  1.30316678e+00 -1.02644947e-03 
 1.31825674e+00  1.31825674e+00  0.00000000e+00  1.31825674e+00 -1.97814931e+01  1.31825674e+00 -1.03833520e-03 
 1.33352143e+00  1.33352143e+00  0.00000000e+00  1.33352143e+00 -1.97814931e+01  1.33352143e+00 -1.05035855e-03 
 1.34896288e+00  1.34896288e+00  0.00000000e+00  1.34896288e+00 -1.97814931e+01  1.34896288e+00 -1.06252113e-03 
 1.36458314e+00  1.36458314e+00  0.00000000e+00  1.36458314e+00 -1.97814931e+01  1.36458314e+00 -1.07482455e-03 
 1.38038426e+00  1.38038426e+00  0.00000000e+00  1.38038426e+00 -1.97814931e+01  1.38038426e+00 -1.08727043e-03 
 1.39636836e+00  1.39636836e+00  0.00000000e+00  1.39636836e+00 -1.97814931e+01  1.39636836e+00 -1.09986043e-03 
 1.41253754e+00  1.41253754e+00  0.00000000e+00  1.41253754e+00 -1.97814931e+01  1.41253754e+00 -1.11259621e-03 
 1.42889396e+00  1.42889396e+00  0.00000000e+00  1.42889396e+00 -1.97814931e+01  1.42889396e+00 -1.12547947e-03 
 1.44543977e+00  1.44543977e+00  0.00000000e+00  1.44543977e+00 -1.97814931e+01  1.44543977e+00 -1.13851191e-03 
 1.46217717e+00  1.46217717e+00  0.00000000e+00  1.46217717e+00 -1.97814931e+01  1.46217717e+00 -1.15169525e-03 
 1.47910839e+00  1.47910839e+00  0.00000000e+00  1.47910839e+00 -1.97814931e+01  1.47910839e+00 -1.16503126e-03 
 1.49623566e+00  1.49623566e+00  0.00000000e+00  1.49623566e+00 -1.97814931e+01  1.49623566e+00 -1.17852168e-03 
 1.51356125e+00  1.51356125e+00  0.00000000e+00  1.51356125e+00 -1.97814931e+01  1.51356125e+00 -1.19216832e-03 
 1.53108746e+00  1.53108746e+00  0.00000000e+00  1.53108746e+00 -1.97814931e+01  1.53108746e+00 -1.20597298e-03 
 1.54881662e+00  1.54881662e+00  0.00000000e+00  1.54881662e+00 -1.97814931e+01  1.54881662e+00 -1.21993749e-03 
 1.56675107e+00  1.56675107e+00  0.00000000e+00  1.56675107e+00 -1.97814931e+01  1.56675107e+00 -1.23406370e-03 
 1.58489319e+00  1.58489319e+00  0.00000000e+00  1.58489319e+00 -1.97814931e+01  1.58489319e+00 -1.24835348e-03 
 1.60324539e+00  1.60324539e+00  0.00000000e+00  1.60324539e+00 -1.97814931e+01  1.60324539e+00 -1.26280873e-03 
 1.62181010e+00  1.62181010e+00  0.00000000e+00  1.62181010e+00 -1.97814931e+01  1.62181010e+00 -1.27743137e-03 
 1.64058977e+00  1.64058977e+00  0.00000000e+00  1.64058977e+00 -1.97814931e+01  1.64058977e+00 -1.29222333e-03 
 1.65958691e+00  1.65958691e+00  0.00000000e+00  1.65958691e+00 -1.97814931e+01  1.65958691e+00 -1.30718657e-03 
 1.67880402e+00  1.67880402e+00  0.00000000e+00  1.67880402e+00 -1.97814931e+01  1.67880402e+00 -1.32232308e-03 
 1.69824365e+00  1.69824365e+00  0.00000000e+00  1.69824365e+00 -1.97814931e+01  1.69824365e+00 -1.33763485e-03 
 1.71790839e+00  1.71790839e+00  0.00000000e+00  1.71790839e+00 -1.97814931e+01  1.71790839e+00 -1.35312394e-03 
 1.73780083e+00  1.73780083e+00  0.00000000e+00  1.73780083e+00 -1.97814931e+01  1.73780083e+00 -1.36879237e-03 
 1.75792361e+00  1.75792361e+00  0.00000000e+00  1.75792361e+00 -1.97814931e+01  1.75792361e+00 -1.38464224e-03 
 1.77827941e+00  1.77827941e+00  0.00000000e+00  1.77827941e+00 -1.97814931e+01  1.77827941e+00 -1.40067564e-03 
 1.79887092e+00  1.79887092e+00  0.00000000e+00  1.79887092e+00 -1.97814931e+01  1.79887092e+00 -1.41689470e-03 
 1.81970086e+00  1.81970086e+00  0.00000000e+00  1.81970086e+00 -1.97814931e+01  1.81970086e+00 -1.43330157e-03 
 1.84077200e+00  1.84077200e+00  0.00000000e+00  1.84077200e+00 -1.97814931e+01  1.84077200e+00 -1.44989842e-03 
 1.86208714e+00  1.86208714e+00  0.00000000e+00  1.86208714e+00 -1.97814931e+01  1.86208714e+00 -1.46668745e-03 
 1.88364909e+00  1.88364909e+00  0.00000000e+00  1.88364909e+00 -1.97814931e+01  1.88364909e+00 -1.48367089e-03 
 1.90546072e+00  1.90546072e+00  0.00000000e+00  1.90546072e+00 -1.97814931e+01  1.90546072e+00 -1.50085099e-03 
 1.92752491e+00  1.92752491e+00  0.00000000e+00  1.92752491e+00 -1.97814931e+01  1.92752491e+00 -1.51823003e-03 
 1.94984460e+00  1.94984460e+00  0.00000000e+00  1.94984460e+00 -1.97814931e+01  1.94984460e+00 -1.53581030e-03 
 1.97242274e+00  1.97242274e+00  0.00000000e+00  1.97242274e+00 -1.97814931e+01  1.97242274e+00 -1.55359415e-03 
 1.99526231e+00  1.99526231e+00  0.00000000e+00  1.99526231e+00 -1.97814931e+01  1.99526231e+00 -1.57158392e-03 
 2.01836636e+00  2.01836636e+00  0.00000000e+00  2.01836636e+00 -1.97814931e+01  2.01836636e+00 -1.58978200e-03 
 2.04173794e+00  2.04173794e+00  0.00000000e+00  2.04173794e+00 -1.97814931e+01  2.04173794e+00 -1.60819081e-03 
 2.06538016e+00  2.06538016e+00  0.00000000e+00  2.06538016e+00 -1.97814931e+01  2.06538016e+00 -1.62681278e-03 
 2.08929613e+00  2.08929613e+00  0.00000000e+00  2.08929613e+00 -1.97814931e+01  2.08929613e+00 -1.64565039e-03 
 2.11348904e+00  2.11348904e+00  0.00000000e+00  2.11348904e+00 -1.97814931e+01  2.11348904e+00 -1.66470612e-03 
 2.13796209e+00  2.13796209e+00  0.00000000e+00  2.13796209e+00 -1.97814931e+01  2.13796209e+00 -1.68398251e-03 
 2.16271852e+00  2.16271852e+00  0.00000000e+00  2.16271852e+00 -1.97814931e+01  2.16271852e+00 -1.70348211e-03 
 2.18776162e+00  2.18776162e+00  0.00000000e+00  2.18776162e+00 -1.97814931e+01  2.18776162e+00 -1.72320750e-03 
 2.21309471e+00  2.21309471e+00  0.00000000e+00  2.21309471e+00 -1.97814931e+01  2.21309471e+00 -1.74316130e-03 
 2.23872114e+00  2.23872114e+00  0.00000000e+00  2.23872114e+00 -1.97814931e+01  2.23872114e+00 -1.76334616e-03 
 2.26464431e+00  2.26464431e+00  0.00000000e+00  2.26464431e+00 -1.97814931e+01  2.26464431e+00 -1.78376475e-03 
 2.29086765e+00  2.29086765e+00  0.00000000e+00  2.29086765e+00 -1.97814931e+01  2.29086765e+00 -1.80441977e-03 
 2.31739465e+00  2.31739465e+00  0.00000000e+00  2.31739465e+00 -1.97814931e+01  2.31739465e+00 -1.82531397e-03 
 2.34422882e+00  2.34422882e+00  0.00000000e+00  2.34422882e+00 -1.97814931e+01  2.34422882e+00 -1.84645011e-03 
 2.37137371e+00  2.37137371e+00  0.00000000e+00  2.37137371e+00 -1.97814931e+01  2.37137371e+00 -1.86783099e-03 
 2.39883292e+00  2.39883292e+00  0.00000000e+00  2.39883292e+00 -1.97814931e+01  2.39883292e+00 -1.88945945e-03 
 2.42661010e+00  2.42661010e+00  0.00000000e+00  2.42661010e+00 -1.97814931e+01  2.42661010e+00 -1.91133836e-03 
 2.45470892e+00  2.45470892e+00  0.00000000e+00  2.45470892e+00 -1.97814931e+01  2.45470892e+00 -1.93347062e-03 
 2.48313311e+00  2.48313311e+00  0.00000000e+00  2.48313311e+00 -1.97814931e+01  2.48313311e+00 -1.95585915e-03 
 2.51188643e+00  2.51188643e+00  0.00000000e+00  2.51188643e+00 -1.97814931e+01  2.51188643e+00 -1.97850693e-03 
 2.54097271e+00  2.54097271e+00  0.00000000e+00  2.54097271e+00 -1.97814931e+01  2.54097271e+00 -2.00141696e-03 
 2.57039578e+00  2.57039578e+00  0.00000000e+00  2.57039578e+00 -1.97814931e+01  2.57039578e+00 -2.02459228e-03 
 2.60015956e+00  2.60015956e+00  0.00000000e+00  2.60015956e+00 -1.97814931e+01  2.60015956e+00 -2.04803595e-03 
 2.63026799e+00  2.63026799e+00  0.00000000e+00  2.63026799e+00 -1.97814931e+01  2.63026799e+00 -2.07175109e-03 
 2.66072506e+00  2.66072506e+00  0.00000000e+00  2.66072506e+00 -1.97814931e+01  2.66072506e+00 -2.09574084e-03 
 2.69153480e+00  2.69153480e+00  0.00000000e+00  2.69153480e+00 -1.97814931e+01  2.69153480e+00 -2.12000838e-03 
 2.72270131e+00  2.72270131e+00  0.00000000e+00  2.72270131e+00 -1.97814931e+01  2.72270131e+00 -2.14455692e-03 
 2.75422870e+00  2.75422870e+00  0.00000000e+00  2.75422870e+00 -1.97814931e+01  2.75422870e+00 -2.16938971e-03 
 2.78612117e+00  2.78612117e+00  0.00000000e+00  2.78612117e+00 -1.97814931e+01  2.78612117e+00 -2.19451006e-03 
 2.81838293e+00  2.81838293e+00  0.00000000e+00  2.81838293e+00 -1.97814931e+01  2.81838293e+00 -2.21992129e-03 
 2.85101827e+00  2.85101827e+00  0.00000000e+00  2.85101827e+00 -1.97814931e+01  2.85101827e+00 -2.24562677e-03 
 2.88403150e+00  2.88403150e+00  0.00000000e+00  2.88403150e+00 -1.97814931e+01  2.88403150e+00 -2.27162990e-03 
 2.91742701e+00  2.91742701e+00  0.00000000e+00  2.91742701e+00 -1.97814931e+01  2.91742701e+00 -2.29793414e-03 
 2.95120923e+00  2.95120923e+00  0.00000000e+00  2.95120923e+00 -1.97814931e+01  2.95120923e+00 -2.32454296e-03 
 2.98538262e+00  2.98538262e+00  0.00000000e+00  2.98538262e+00 -1.97814931e+01  2.98538262e+00 -2.35145990e-03 
 3.01995172e+00  3.01995172e+00  0.00000000e+00  3.01995172e+00 -1.97814931e+01  3.01995172e+00 -2.37868852e-03 
 3.05492111e+00  3.05492111e+00  0.00000000e+00  3.05492111e+00 -1.97814931e+01  3.05492111e+00 -2.40623243e-03 
 3.09029543e+00  3.09029543e+00  0.00000000e+00  3.09029543e+00 -1.97814931e+01  3.09029543e+00 -2.43409529e-03 
 3.12607937e+00  3.12607937e+00  0.00000000e+00  3.12607937e+00 -1.97814931e+01  3.12607937e+00 -2.46228079e-03 
 3.16227766e+00  3.16227766e+00  0.00000000e+00  3.16227766e+00 -1.97814931e+01  3.16227766e+00 -2.49079266e-03 
 3.19889511e+00  3.19889511e+00  0.00000000e+00  3.19889511e+00 -1.97814931e+01  3.19889511e+00 -2.51963468e-03 
 3.23593657e+00  3.23593657e+00  0.00000000e+00  3.23593657e+00 -1.97814931e+01  3.23593657e+00 -2.54881067e-03 
 3.27340695e+00  3.27340695e+00  0.00000000e+00  3.27340695e+00 -1.97814931e+01  3.27340695e+00 -2.57832451e-03 
 3.31131121e+00  3.31131121e+00  0.00000000e+00  3.31131121e+00 -1.97814931e+01  3.31131121e+00 -2.60818010e-03 
 3.34965439e+00  3.34965439e+00  0.00000000e+00  3.34965439e+00 -1.97814931e+01  3.34965439e+00 -2.63838140e-03 
 3.38844156e+00  3.38844156e+00  0.00000000e+00  3.38844156e+00 -1.97814931e+01  3.38844156e+00 -2.66893242e-03 
 3.42767787e+00  3.42767787e+00  0.00000000e+00  3.42767787e+00 -1.97814931e+01  3.42767787e+00 -2.69983720e-03 
 3.46736850e+00  3.46736850e+00  0.00000000e+00  3.46736850e+00 -1.97814931e+01  3.46736850e+00 -2.73109984e-03 
 3.50751874e+00  3.50751874e+00  0.00000000e+00  3.50751874e+00 -1.97814931e+01  3.50751874e+00 -2.76272448e-03 
 3.54813389e+00  3.54813389e+00  0.00000000e+00  3.54813389e+00 -1.97814931e+01  3.54813389e+00 -2.79471533e-03 
 3.58921935e+00  3.58921935e+00  0.00000000e+00  3.58921935e+00 -1.97814931e+01  3.58921935e+00 -2.82707660e-03 
 3.63078055e+00  3.63078055e+00  0.00000000e+00  3.63078055e+00 -1.97814931e+01  3.63078055e+00 -2.85981261e-03 
 3.67282300e+00  3.67282300e+00  0.00000000e+00  3.67282300e+00 -1.97814931e+01  3.67282300e+00 -2.89292768e-03 
 3.71535229e+00  3.71535229e+00  0.00000000e+00  3.71535229e+00 -1.97814931e+01  3.71535229e+00 -2.92642620e-03 
 3.75837404e+00  3.75837404e+00  0.00000000e+00  3.75837404e+00 -1.97814931e+01  3.75837404e+00 -2.96031262e-03 
 3.80189396e+00  3.80189396e+00  0.00000000e+00  3.80189396e+00 -1.97814931e+01  3.80189396e+00 -2.99459142e-03 
 3.84591782e+00  3.84591782e+00  0.00000000e+00  3.84591782e+00 -1.97814931e+01  3.84591782e+00 -3.02926716e-03 
 3.89045145e+00  3.89045145e+00  0.00000000e+00  3.89045145e+00 -1.97814931e+01  3.89045145e+00 -3.06434442e-03 
 3.93550075e+00  3.93550075e+00  0.00000000e+00  3.93550075e+00 -1.97814931e+01  3.93550075e+00 -3.09982786e-03 
 3.98107171e+00  3.98107171e+00  0.00000000e+00  3.98107171e+00 -1.97814931e+01  3.98107171e+00 -3.13572217e-03 
 4.02717034e+00  4.02717034e+00  0.00000000e+00  4.02717034e+00 -1.97814931e+01  4.02717034e+00 -3.17203212e-03 
 4.07380278e+00  4.07380278e+00  0.00000000e+00  4.07380278e+00 -1.97814931e+01  4.07380278e+00 -3.20876252e-03 
 4.12097519e+00  4.12097519e+00  0.00000000e+00  4.12097519e+00 -1.97814931e+01  4.12097519e+00 -3.24591824e-03 
 4.16869383e+00  4.16869383e+00  0.00000000e+00  4.16869383e+00 -1.97814931e+01  4.16869383e+00 -3.28350420e-03 
 4.21696503e+00  4.21696503e+00  0.00000000e+00  4.21696503e+00 -1.97814931e+01  4.21696503e+00 -3.32152539e-03 
 4.26579519e+00  4.26579519e+00  0.00000000e+00  4.26579519e+00 -1.97814931e+01  4.26579519e+00 -3.35998684e-03 
 4.31519077e+00  4.31519077e+00  0.00000000e+00  4.31519077e+00 -1.97814931e+01  4.31519077e+00 -3.39889365e-03 
 4.36515832e+00  4.36515832e+00  0.00000000e+00  4.36515832e+00 -1.97814931e+01  4.36515832e+00 -3.43825099e-03 
 4.41570447e+00  4.41570447e+00  0.00000000e+00  4.41570447e+00 -1.97814931e+01  4.41570447e+00 -3.47806406e-03 
 4.46683592e+00  4.46683592e+00  0.00000000e+00  4.46683592e+00 -1.97814931e+01  4.46683592e+00 -3.51833814e-03 
 4.51855944e+00  4.51855944e+00  0.00000000e+00  4.51855944e+00 -1.97814931e+01  4.51855944e+00 -3.55907858e-03 
 4.57088190e+00  4.57088190e+00  0.00000000e+00  4.57088190e+00 -1.97814931e+01  4.57088190e+00 -3.60029077e-03 
 4.62381021e+00  4.62381021e+00  0.00000000e+00  4.62381021e+00 -1.97814931e+01  4.62381021e+00 -3.64198017e-03 
 4.67735141e+00  4.67735141e+00  0.00000000e+00  4.67735141e+00 -1.97814931e+01  4.67735141e+00 -3.68415231e-03 
 4.73151259e+00  4.73151259e+00  0.00000000e+00  4.73151259e+00 -1.97814931e+01  4.73151259e+00 -3.72681278e-03 
 4.78630092e+00  4.78630092e+00  0.00000000e+00  4.78630092e+00 -1.97814931e+01  4.78630092e+00 -3.76996724e-03 
 4.84172368e+00  4.84172368e+00  0.00000000e+00  4.84172368e+00 -1.97814931e+01  4.84172368e+00 -3.81362140e-03 
 4.89778819e+00  4.89778819e+00  0.00000000e+00  4.89778819e+00 -1.97814931e+01  4.89778819e+00 -3.85778106e-03 
 4.95450191e+00  4.95450191e+00  0.00000000e+00  4.95450191e+00 -1.97814931e+01  4.95450191e+00 -3.90245206e-03 
 5.01187234e+00  5.01187234e+00  0.00000000e+00  5.01187234e+00 -1.97814931e+01  5.01187234e+00 -3.94764032e-03 
 5.06990708e+00  5.06990708e+00  0.00000000e+00  5.06990708e+00 -1.97814931e+01  5.06990708e+00 -3.99335184e-03 
 5.12861384e+00  5.12861384e+00  0.00000000e+00  5.12861384e+00 -1.97814931e+01  5.12861384e+00 -4.03959268e-03 
 5.18800039e+00  5.18800039e+00  0.00000000e+00  5.18800039e+00 -1.97814931e+01  5.18800039e+00 -4.08636896e-03 
 5.24807460e+00  5.24807460e+00  0.00000000e+00  5.24807460e+00 -1.97814931e+01  5.24807460e+00 -4.13368688e-03 
 5.30884444e+00  5.30884444e+00  0.00000000e+00  5.30884444e+00 -1.97814931e+01  5.30884444e+00 -4.18155272e-03 
 5.37031796e+00  5.37031796e+00  0.00000000e+00  5.37031796e+00 -1.97814931e+01  5.37031796e+00 -4.22997282e-03 
 5.43250331e+00  5.43250331e+00  0.00000000e+00  5.43250331e+00 -1.97814931e+01  5.43250331e+00 -4.27895359e-03 
 5.49540874e+00  5.49540874e+00  0.00000000e+00  5.49540874e+00 -1.97814931e+01  5.49540874e+00 -4.32850154e-03 
 5.55904257e+00  5.55904257e+00  0.00000000e+00  5.55904257e+00 -1.97814931e+01  5.55904257e+00 -4.37862322e-03 
 5.62341325e+00  5.62341325e+00  0.00000000e+00  5.62341325e+00 -1.97814931e+01  5.62341325e+00 -4.42932529e-03 
 5.68852931e+00  5.68852931e+00  0.00000000e+00  5.68852931e+00 -1.97814931e+01  5.68852931e+00 -4.48061446e-03 
 5.75439937e+00  5.75439937e+00  0.00000000e+00  5.75439937e+00 -1.97814931e+01  5.75439937e+00 -4.53249753e-03 
 5.82103218e+00  5.82103218e+00  0.00000000e+00  5.82103218e+00 -1.97814931e+01  5.82103218e+00 -4.58498138e-03 
 5.88843655e+00  5.88843655e+00  0.00000000e+00  5.88843655e+00 -1.97814931e+01  5.88843655e+00 -4.63807296e-03 
 5.95662144e+00  5.95662144e+00  0.00000000e+00  5.95662144e+00 -1.97814931e+01  5.95662144e+00 -4.69177931e-03 
 6.02559586e+00  6.02559586e+00  0.00000000e+00  6.02559586e+00 -1.97814931e+01  6.02559586e+00 -4.74610756e-03 
 6.09536897e+00  6.09536897e+00  0.00000000e+00  6.09536897e+00 -1.97814931e+01  6.09536897e+00 -4.80106489e-03 
 6.16595002e+00  6.16595002e+00  0.00000000e+00  6.16595002e+00 -1.97814931e+01  6.16595002e+00 -4.85665861e-03 
 6.23734835e+00  6.23734835e+00  0.00000000e+00  6.23734835e+00 -1.97814931e+01  6.23734835e+00 -4.91289606e-03 
 6.30957344e+00  6.30957344e+00  0.00000000e+00  6.30957344e+00 -1.97814931e+01  6.30957344e+00 -4.96978472e-03 
 6.38263486e+00  6.38263486e+00  0.00000000e+00  6.38263486e+00 -1.97814931e+01  6.38263486e+00 -5.02733211e-03 
 6.45654229e+00  6.45654229e+00  0.00000000e+00  6.45654229e+00 -1.97814931e+01  6.45654229e+00 -5.08554587e-03 
 6.53130553e+00  6.53130553e+00  0.00000000e+00  6.53130553e+00 -1.97814931e+01  6.53130553e+00 -5.14443372e-03 
 6.60693448e+00  6.60693448e+00  0.00000000e+00  6.60693448e+00 -1.97814931e+01  6.60693448e+00 -5.20400345e-03 
 6.68343918e+00  6.68343918e+00  0.00000000e+00  6.68343918e+00 -1.97814931e+01  6.68343918e+00 -5.26426297e-03 
 6.76082975e+00  6.76082975e+00  0.00000000e+00  6.76082975e+00 -1.97814931e+01  6.76082975e+00 -5.32522027e-03 
 6.83911647e+00  6.83911647e+00  0.00000000e+00  6.83911647e+00 -1.97814931e+01  6.83911647e+00 -5.38688341e-03 
 6.91830971e+00  6.91830971e+00  0.00000000e+00  6.91830971e+00 -1.97814931e+01  6.91830971e+00 -5.44926058e-03 
 6.99841996e+00  6.99841996e+00  0.00000000e+00  6.99841996e+00 -1.97814931e+01  6.99841996e+00 -5.51236004e-03 
 7.07945784e+00  7.07945784e+00  0.00000000e+00  7.07945784e+00 -1.97814931e+01  7.07945784e+00 -5.57619016e-03 
 7.16143410e+00  7.16143410e+00  0.00000000e+00  7.16143410e+00 -1.97814931e+01  7.16143410e+00 -5.64075940e-03 
 7.24435960e+00  7.24435960e+00  0.00000000e+00  7.24435960e+00 -1.97814931e+01  7.24435960e+00 -5.70607632e-03 
 7.32824533e+00  7.32824533e+00  0.00000000e+00  7.32824533e+00 -1.97814931e+01  7.32824533e+00 -5.77214957e-03 
 7.41310241e+00  7.41310241e+00  0.00000000e+00  7.41310241e+00 -1.97814931e+01  7.41310241e+00 -5.83898791e-03 
 7.49894209e+00  7.49894209e+00  0.00000000e+00  7.49894209e+00 -1.97814931e+01  7.49894209e+00 -5.90660020e-03 
 7.58577575e+00  7.58577575e+00  0.00000000e+00  7.58577575e+00 -1.97814931e+01  7.58577575e+00 -5.97499541e-03 
 7.67361489e+00  7.67361489e+00  0.00000000e+00  7.67361489e+00 -1.97814931e+01  7.67361489e+00 -6.04418259e-03 
 7.76247117e+00  7.76247117e+00  0.00000000e+00  7.76247117e+00 -1.97814931e+01  7.76247117e+00 -6.11417093e-03 
 7.85235635e+00  7.85235635e+00  0.00000000e+00  7.85235635e+00 -1.97814931e+01  7.85235635e+00 -6.18496969e-03 
 7.94328235e+00  7.94328235e+00  0.00000000e+00  7.94328235e+00 -1.97814931e+01  7.94328235e+00 -6.25658826e-03 
 8.03526122e+00  8.03526122e+00  0.00000000e+00  8.03526122e+00 -1.97814931e+01  8.03526122e+00 -6.32903614e-03 
 8.12830516e+00  8.12830516e+00  0.00000000e+00  8.12830516e+00 -1.97814931e+01  8.12830516e+00 -6.40232293e-03 
 8.22242650e+00  8.22242650e+00  0.00000000e+00  8.22242650e+00 -1.97814931e+01  8.22242650e+00 -6.47645833e-03 
 8.31763771e+00  8.31763771e+00  0.00000000e+00  8.31763771e+00 -1.97814931e+01  8.31763771e+00 -6.55145218e-03 
 8.41395142e+00  8.41395142e+00  0.00000000e+00  8.41395142e+00 -1.97814931e+01  8.41395142e+00 -6.62731443e-03 
 8.51138038e+00  8.51138038e+00  0.00000000e+00  8.51138038e+00 -1.97814931e+01  8.51138038e+00 -6.70405511e-03 
 8.60993752e+00  8.60993752e+00  0.00000000e+00  8.60993752e+00 -1.97814931e+01  8.60993752e+00 -6.78168441e-03 
 8.70963590e+00  8.70963590e+00  0.00000000e+00  8.70963590e+00 -1.97814931e+01  8.70963590e+00 -6.86021261e-03 
 8.81048873e+00  8.81048873e+00  0.00000000e+00  8.81048873e+00 -1.97814931e+01  8.81048873e+00 -6.93965013e-03 
 8.91250938e+00  8.91250938e+00  0.00000000e+00  8.91250938e+00 -1.97814931e+01  8.91250938e+00 -7.02000749e-03 
 9.01571138e+00  9.01571138e+00  0.00000000e+00  9.01571138e+00 -1.97814931e+01  9.01571138e+00 -7.10129535e-03 
 9.12010839e+00  9.12010839e+00  0.00000000e+00  9.12010839e+00 -1.97814931e+01  9.12010839e+00 -7.18352447e-03 
 9.22571427e+00  9.22571427e+00  0.00000000e+00  9.22571427e+00 -1.97814931e+01  9.22571427e+00 -7.26670576e-03 
 9.33254301e+00  9.33254301e+00  0.00000000e+00  9.33254301e+00 -1.97814931e+01  9.33254301e+00 -7.35085025e-03 
 9.44060876e+00  9.44060876e+00  0.00000000e+00  9.44060876e+00 -1.97814931e+01  9.44060876e+00 -7.43596908e-03 
 9.54992586e+00  9.54992586e+00  0.00000000e+00  9.54992586e+00 -1.97814931e+01  9.54992586e+00 -7.52207355e-03 
 9.66050879e+00  9.66050879e+00  0.00000000e+00  9.66050879e+00 -1.97814931e+01  9.66050879e+00 -7.60917505e-03 
 9.77237221e+00  9.77237221e+00  0.00000000e+00  9.77237221e+00 -1.97814931e+01  9.77237221e+00 -7.69728515e-03 
 9.88553095e+00  9.88553095e+00  0.00000000e+00  9.88553095e+00 -1.97814931e+01  9.88553095e+00 -7.78641551e-03 
 1.00000000e+01  1.00000000e+01  0.00000000e+00  1.00000000e+01 -1.97814931e+01  1.00000000e+01 -7.87657795e-03 
 1.01157945e+01  1.01157945e+01  0.00000000e+00  1.01157945e+01 -1.97814931e+01  1.01157945e+01 -7.96778442e-03 
 1.02329299e+01  1.02329299e+01  0.00000000e+00  1.02329299e+01 -1.97814931e+01  1.02329299e+01 -8.06004702e-03 
 1.03514217e+01  1.03514217e+01  0.00000000e+00  1.03514217e+01 -1.97814931e+01  1.03514217e+01 -8.15337796e-03 
 1.04712855e+01  1.04712855e+01  0.00000000e+00  1.04712855e+01 -1.97814931e+01  1.04712855e+01 -8.24778963e-03 
 1.05925373e+01  1.05925373e+01  0.00000000e+00  1.05925373e+01 -1.97814931e+01  1.05925373e+01 -8.34329453e-03 
 1.07151931e+01  1.07151931e+01  0.00000000e+00  1.07151931e+01 -1.97814931e+01  1.07151931e+01 -8.43990533e-03 
 1.08392691e+01  1.08392691e+01  0.00000000e+00  1.08392691e+01 -1.97814931e+01  1.08392691e+01 -8.53763483e-03 
 1.09647820e+01  1.09647820e+01  0.00000000e+00  1.09647820e+01 -1.97814931e+01  1.09647820e+01 -8.63649598e-03 
 1.10917482e+01  1.10917482e+01  0.00000000e+00  1.10917482e+01 -1.97814931e+01  1.10917482e+01 -8.73650189e-03 
 1.12201845e+01  1.12201845e+01  0.00000000e+00  1.12201845e+01 -1.97814931e+01  1.12201845e+01 -8.83766581e-03 
 1.13501082e+01  1.13501082e+01  0.00000000e+00  1.13501082e+01 -1.97814931e+01  1.13501082e+01 -8.94000116e-03 
 1.14815362e+01  1.14815362e+01  0.00000000e+00  1.14815362e+01 -1.97814931e+01  1.14815362e+01 -9.04352149e-03 
 1.16144861e+01  1.16144861e+01  0.00000000e+00  1.16144861e+01 -1.97814931e+01  1.16144861e+01 -9.14824053e-03 
 1.17489755e+01  1.17489755e+01  0.00000000e+00  1.17489755e+01 -1.97814931e+01  1.17489755e+01 -9.25417216e-03 
 1.18850223e+01  1.18850223e+01  0.00000000e+00  1.18850223e+01 -1.97814931e+01  1.18850223e+01 -9.36133042e-03 
 1.20226443e+01  1.20226443e+01  0.00000000e+00  1.20226443e+01 -1.97814931e+01  1.20226443e+01 -9.46972952e-03 
 1.21618600e+01  1.21618600e+01  0.00000000e+00  1.21618600e+01 -1.97814931e+01  1.21618600e+01 -9.57938382e-03 
 1.23026877e+01  1.23026877e+01  0.00000000e+00  1.23026877e+01 -1.97814931e+01  1.23026877e+01 -9.69030786e-03 
 1.24451461e+01  1.24451461e+01  0.00000000e+00  1.24451461e+01 -1.97814931e+01  1.24451461e+01 -9.80251633e-03 
 1.25892541e+01  1.25892541e+01  0.00000000e+00  1.25892541e+01 -1.97814931e+01  1.25892541e+01 -9.91602412e-03 
 1.27350308e+01  1.27350308e+01  0.00000000e+00  1.27350308e+01 -1.97814932e+01  1.27350308e+01 -1.00308463e-02 
 1.28824955e+01  1.28824955e+01  0.00000000e+00  1.28824955e+01 -1.97814932e+01  1.28824955e+01 -1.01469980e-02 
 1.30316678e+01  1.30316678e+01  0.00000000e+00  1.30316678e+01 -1.97814932e+01  1.30316678e+01 -1.02644947e-02 
 1.31825674e+01  1.31825674e+01  0.00000000e+00  1.31825674e+01 -1.97814932e+01  1.31825674e+01 -1.03833519e-02 
 1.33352143e+01  1.33352143e+01  0.00000000e+00  1.33352143e+01 -1.97814932e+01  1.33352143e+01 -1.05035855e-02 
 1.34896288e+01  1.34896288e+01  0.00000000e+00  1.34896288e+01 -1.97814932e+01  1.34896288e+01 -1.06252113e-02 
 1.36458314e+01  1.36458314e+01  0.00000000e+00  1.36458314e+01 -1.97814932e+01  1.36458314e+01 -1.07482454e-02 
 1.38038426e+01  1.38038426e+01  0.00000000e+00  1.38038426e+01 -1.97814932e+01  1.38038426e+01 -1.08727042e-02 
 1.39636836e+01  1.39636836e+01  0.00000000e+00  1.39636836e+01 -1.97814932e+01  1.39636836e+01 -1.09986042e-02 
 1.41253754e+01  1.41253754e+01  0.00000000e+00  1.41253754e+01 -1.97814932e+01  1.41253754e+01 -1.11259620e-02 
 1.42889396e+01  1.42889396e+01  0.00000000e+00  1.42889396e+01 -1.97814932e+01  1.42889396e+01 -1.12547946e-02 
 1.44543977e+01  1.44543977e+01  0.00000000e+00  1.44543977e+01 -1.97814932e+01  1.44543977e+01 -1.13851190e-02 
 1.46217717e+01  1.46217717e+01  0.00000000e+00  1.46217717e+01 -1.97814932e+01  1.46217717e+01 -1.15169524e-02 
 1.47910839e+01  1.47910839e+01  0.00000000e+00  1.47910839e+01 -1.97814932e+01  1.47910839e+01 -1.16503125e-02 
 1.49623566e+01  1.49623566e+01  0.00000000e+00  1.49623566e+01 -1.97814932e+01  1.49623566e+01 -1.17852167e-02 
 1.51356125e+01  1.51356125e+01  0.00000000e+00  1.51356125e+01 -1.97814932e+01  1.51356125e+01 -1.19216831e-02 
 1.53108746e+01  1.53108746e+01  0.00000000e+00  1.53108746e+01 -1.97814932e+01  1.53108746e+01 -1.20597297e-02 
 1.54881662e+01  1.54881662e+01  0.00000000e+00  1.54881662e+01 -1.97814932e+01  1.54881662e+01 -1.21993748e-02 
 1.56675107e+01  1.56675107e+01  0.00000000e+00  1.56675107e+01 -1.97814932e+01  1.56675107e+01 -1.23406369e-02 
 1.58489319e+01  1.58489319e+01  0.00000000e+00  1.58489319e+01 -1.97814932e+01  1.58489319e+01 -1.24835347e-02 
 1.60324539e+01  1.60324539e+01  0.00000000e+00  1.60324539e+01 -1.97814932e+01  1.60324539e+01 -1.26280872e-02 
 1.62181010e+01  1.62181010e+01  0.00000000e+00  1.62181010e+01 -1.97814932e+01  1.62181010e+01 -1.27743136e-02 
 1.64058977e+01  1.64058977e+01  0.00000000e+00  1.64058977e+01 -1.97814932e+01  1.64058977e+01 -1.29222332e-02 
 1.65958691e+01  1.65958691e+01  0.00000000e+00  1.65958691e+01 -1.97814932e+01  1.65958691e+01 -1.30718656e-02 
 1.67880402e+01  1.67880402e+01  0.00000000e+00  1.67880402e+01 -1.97814932e+01  1.67880402e+01 -1.32232306e-02 
 1.69824365e+01  1.69824365e+01  0.00000000e+00  1.69824365e+01 -1.97814932e+01  1.69824365e+01 -1.33763484e-02 
 1.71790839e+01  1.71790839e+01  0.00000000e+00  1.71790839e+01 -1.97814932e+01  1.71790839e+01 -1.35312392e-02 
 1.73780083e+01  1.73780083e+01  0.00000000e+00  1.73780083e+01 -1.97814932e+01  1.73780083e+01 -1.36879236e-02 
 1.75792361e+01  1.75792361e+01  0.00000000e+00  1.75792361e+01 -1.97814932e+01  1.75792361e+01 -1.38464223e-02 
 1.77827941e+01  1.77827941e+01  0.00000000e+00  1.77827941e+01 -1.97814932e+01  1.77827941e+01 -1.40067563e-02 
 1.79887092e+01  1.79887092e+01  0.00000000e+00  1.79887092e+01 -1.97814932e+01  1.79887092e+01 -1.41689469e-02 
 1.81970086e+01  1.81970086e+01  0.00000000e+00  1.81970086e+01 -1.97814932e+01  1.81970086e+01 -1.43330155e-02 
 1.84077200e+01  1.84077200e+01  0.00000000e+00  1.84077200e+01 -1.97814933e+01  1.84077200e+01 -1.44989840e-02 
 1.86208714e+01  1.86208714e+01  0.00000000e+00  1.86208714e+01 -1.97814933e+01  1.86208714e+01 -1.46668744e-02 
 1.88364909e+01  1.88364909e+01  0.00000000e+00  1.88364909e+01 -1.97814933e+01  1.88364909e+01 -1.48367088e-02 
 1.90546072e+01  1.90546072e+01  0.00000000e+00  1.90546072e+01 -1.97814933e+01  1.90546072e+01 -1.50085097e-02 
 1.92752491e+01  1.92752491e+01  0.00000000e+00  1.92752491e+01 -1.97814933e+01  1.92752491e+01 -1.51823001e-02 
 1.94984460e+01  1.94984460e+01  0.00000000e+00  1.94984460e+01 -1.97814933e+01  1.94984460e+01 -1.53581028e-02 
 1.97242274e+01  1.97242274e+01  0.00000000e+00  1.97242274e+01 -1.97814933e+01  1.97242274e+01 -1.55359413e-02 
 1.99526231e+01  1.99526231e+01  0.00000000e+00  1.99526231e+01 -1.97814933e+01  1.99526231e+01 -1.57158390e-02 
 2.01836636e+01  2.01836636e+01  0.00000000e+00  2.01836636e+01 -1.97814933e+01  2.01836636e+01 -1.58978198e-02 
 2.04173794e+01  2.04173794e+01  0.00000000e+00  2.04173794e+01 -1.97814933e+01  2.04173794e+01 -1.60819079e-02 
 2.06538016e+01  2.06538016e+01  0.00000000e+00  2.06538016e+01 -1.97814933e+01  2.06538016e+01 -1.62681276e-02 
 2.08929613e+01  2.08929613e+01  0.00000000e+00  2.08929613e+01 -1.97814933e+01  2.08929613e+01 -1.64565037e-02 
 2.11348904e+01  2.11348904e+01  0.00000000e+00  2.11348904e+01 -1.97814933e+01  2.11348904e+01 -1.66470610e-02 
 2.13796209e+01  2.13796209e+01  0.00000000e+00  2.13796209e+01 -1.97814933e+01  2.13796209e+01 -1.68398249e-02 
 2.16271852e+01  2.16271852e+01  0.00000000e+00  2.16271852e+01 -1.97814933e+01  2.16271852e+01 -1.70348208e-02 
 2.18776162e+01  2.18776162e+01  0.00000000e+00  2.18776162e+01 -1.97814933e+01  2.18776162e+01 -1.72320748e-02 
 2.21309471e+01  2.21309471e+01  0.00000000e+00  2.21309471e+01 -1.97814933e+01  2.21309471e+01 -1.74316128e-02 
 2.23872114e+01  2.23872114e+01  0.00000000e+00  2.23872114e+01 -1.97814933e+01  2.23872114e+01 -1.76334613e-02 
 2.26464431e+01  2.26464431e+01  0.00000000e+00  2.26464431e+01 -1.97814933e+01  2.26464431e+01 -1.78376472e-02 
 2.29086765e+01  2.29086765e+01  0.00000000e+00  2.29086765e+01 -1.97814934e+01  2.29086765e+01 -1.80441974e-02 
 2.31739465e+01  2.31739465e+01  0.00000000e+00  2.31739465e+01 -1.97814934e+01  2.31739465e+01 -1.82531393e-02 
 2.34422882e+01  2.34422882e+01  0.00000000e+00  2.34422882e+01 -1.97814934e+01  2.34422882e+01 -1.84645007e-02 
 2.37137371e+01  2.37137371e+01  0.00000000e+00  2.37137371e+01 -1.97814934e+01  2.37137371e+01 -1.86783096e-02 
 2.39883292e+01  2.39883292e+01  0.00000000e+00  2.39883292e+01 -1.97814934e+01  2.39883292e+01 -1.88945942e-02 
 2.42661010e+01  2.42661010e+01  0.00000000e+00  2.42661010e+01 -1.97814934e+01  2.42661010e+01 -1.91133833e-02 
 2.45470892e+01  2.45470892e+01  0.00000000e+00  2.45470892e+01 -1.97814934e+01  2.45470892e+01 -1.93347058e-02 
 2.48313311e+01  2.48313311e+01  0.00000000e+00  2.48313311e+01 -1.97814934e+01  2.48313311e+01 -1.95585911e-02 
 2.51188643e+01  2.51188643e+01  0.00000000e+00  2.51188643e+01 -1.97814934e+01  2.51188643e+01 -1.97850689e-02 
 2.54097271e+01  2.54097271e+01  0.00000000e+00  2.54097271e+01 -1.97814934e+01  2.54097271e+01 -2.00141692e-02 
 2.57039578e+01  2.57039578e+01  0.00000000e+00  2.57039578e+01 -1.97814934e+01  2.57039578e+01 -2.02459224e-02 
 2.60015956e+01  2.60015956e+01  0.00000000e+00  2.60015956e+01 -1.97814934e+01  2.60015956e+01 -2.04803591e-02 
 2.63026799e+01  2.63026799e+01  0.00000000e+00  2.63026799e+01 -1.97814934e+01  2.63026799e+01 -2.07175105e-02 
 2.66072506e+01  2.66072506e+01  0.00000000e+00  2.66072506e+01 -1.97814935e+01  2.66072506e+01 -2.09574079e-02 
 2.69153480e+01  2.69153480e+01  0.00000000e+00  2.69153480e+01 -1.97814935e+01  2.69153480e+01 -2.12000833e-02 
 2.72270131e+01  2.72270131e+01  0.00000000e+00  2.72270131e+01 -1.97814935e+01  2.72270131e+01 -2.14455686e-02 
 2.75422870e+01  2.75422870e+01  0.00000000e+00  2.75422870e+01 -1.97814935e+01  2.75422870e+01 -2.16938966e-02 
 2.78612117e+01  2.78612117e+01  0.00000000e+00  2.78612117e+01 -1.97814935e+01  2.78612117e+01 -2.19451001e-02 
 2.81838293e+01  2.81838293e+01  0.00000000e+00  2.81838293e+01 -1.97814935e+01  2.81838293e+01 -2.21992123e-02 
 2.85101827e+01  2.85101827e+01  0.00000000e+00  2.85101827e+01 -1.97814935e+01  2.85101827e+01 -2.24562671e-02 
 2.88403150e+01  2.88403150e+01  0.00000000e+00  2.88403150e+01 -1.97814935e+01  2.88403150e+01 -2.27162984e-02 
 2.91742701e+01  2.91742701e+01  0.00000000e+00  2.91742701e+01 -1.97814935e+01  2.91742701e+01 -2.29793407e-02 
 2.95120923e+01  2.95120923e+01  0.00000000e+00  2.95120923e+01 -1.97814935e+01  2.95120923e+01 -2.32454289e-02 
 2.98538262e+01  2.98538262e+01  0.00000000e+00  2.98538262e+01 -1.97814936e+01  2.98538262e+01 -2.35145983e-02 
 3.01995172e+01  3.01995172e+01  0.00000000e+00  3.01995172e+01 -1.97814936e+01  3.01995172e+01 -2.37868845e-02 
 3.05492111e+01  3.05492111e+01  0.00000000e+00  3.05492111e+01 -1.97814936e+01  3.05492111e+01 -2.40623236e-02 
 3.09029543e+01  3.09029543e+01  0.00000000e+00  3.09029543e+01 -1.97814936e+01  3.09029543e+01 -2.43409522e-02 
 3.12607937e+01  3.12607937e+01  0.00000000e+00  3.12607937e+01 -1.97814936e+01  3.12607937e+01 -2.46228071e-02 
 3.16227766e+01  3.16227766e+01  0.00000000e+00  3.16227766e+01 -1.97814936e+01  3.16227766e+01 -2.49079258e-02 
 3.19889511e+01  3.19889511e+01  0.00000000e+00  3.19889511e+01 -1.97814936e+01  3.19889511e+01 -2.51963459e-02 
 3.23593657e+01  3.23593657e+01  0.00000000e+00  3.23593657e+01 -1.97814936e+01  3.23593657e+01 -2.54881058e-02 
 3.27340695e+01  3.27340695e+01  0.00000000e+00  3.27340695e+01 -1.97814937e+01  3.27340695e+01 -2.57832442e-02 
 3.31131121e+01  3.31131121e+01  0.00000000e+00  3.31131121e+01 -1.97814937e+01  3.31131121e+01 -2.60818000e-02 
 3.34965439e+01  3.34965439e+01  0.00000000e+00  3.34965439e+01 -1.97814937e+01  3.34965439e+01 -2.63838130e-02 
 3.38844156e+01  3.38844156e+01  0.00000000e+00  3.38844156e+01 -1.97814937e+01  3.38844156e+01 -2.66893232e-02 
 3.42767787e+01  3.42767787e+01  0.00000000e+00  3.42767787e+01 -1.97814937e+01  3.42767787e+01 -2.69983709e-02 
 3.46736850e+01  3.46736850e+01  0.00000000e+00  3.46736850e+01 -1.97814937e+01  3.46736850e+01 -2.73109973e-02 
 3.50751874e+01  3.50751874e+01  0.00000000e+00  3.50751874e+01 -1.97814937e+01  3.50751874e+01 -2.76272437e-02 
 3.54813389e+01  3.54813389e+01  0.00000000e+00  3.54813389e+01 -1.97814938e+01  3.54813389e+01 -2.79471521e-02 
 3.58921935e+01  3.58921935e+01  0.00000000e+00  3.58921935e+01 -1.97814938e+01  3.58921935e+01 -2.82707649e-02 
 3.63078055e+01  3.63078055e+01  0.00000000e+00  3.63078055e+01 -1.97814938e+01  3.63078055e+01 -2.85981249e-02 
 3.67282300e+01  3.67282300e+01  0.00000000e+00  3.67282300e+01 -1.97814938e+01  3.67282300e+01 -2.89292755e-02 
 3.71535229e+01  3.71535229e+01  0.00000000e+00  3.71535229e+01 -1.97814938e+01  3.71535229e+01 -2.92642607e-02 
 3.75837404e+01  3.75837404e+01  0.00000000e+00  3.75837404e+01 -1.97814938e+01  3.75837404e+01 -2.96031248e-02 
 3.80189396e+01  3.80189396e+01  0.00000000e+00  3.80189396e+01 -1.97814939e+01  3.80189396e+01 -2.99459128e-02 
 3.84591782e+01  3.84591782e+01  0.00000000e+00  3.84591782e+01 -1.97814939e+01  3.84591782e+01 -3.02926701e-02 
 3.89045145e+01  3.89045145e+01  0.00000000e+00  3.89045145e+01 -1.97814939e+01  3.89045145e+01 -3.06434427e-02 
 3.93550075e+01  3.93550075e+01  0.00000000e+00  3.93550075e+01 -1.97814939e+01  3.93550075e+01 -3.09982770e-02 
 3.98107171e+01  3.98107171e+01  0.00000000e+00  3.98107171e+01 -1.97814939e+01  3.98107171e+01 -3.13572201e-02 
 4.02717034e+01  4.02717034e+01  0.00000000e+00  4.02717034e+01 -1.97814940e+01  4.02717034e+01 -3.17203195e-02 
 4.07380278e+01  4.07380278e+01  0.00000000e+00  4.07380278e+01 -1.97814940e+01  4.07380278e+01 -3.20876235e-02 
 4.12097519e+01  4.12097519e+01  0.00000000e+00  4.12097519e+01 -1.97814940e+01  4.12097519e+01 -3.24591806e-02 
 4.16869383e+01  4.16869383e+01  0.00000000e+00  4.16869383e+01 -1.97814940e+01  4.16869383e+01 -3.28350402e-02 
 4.21696503e+01  4.21696503e+01  0.00000000e+00  4.21696503e+01 -1.97814941e+01  4.21696503e+01 -3.32152520e-02 
 4.26579519e+01  4.26579519e+01  0.00000000e+00  4.26579519e+01 -1.97814941e+01  4.26579519e+01 -3.35998664e-02 
 4.31519077e+01  4.31519077e+01  0.00000000e+00  4.31519077e+01 -1.97814941e+01  4.31519077e+01 -3.39889345e-02 
 4.36515832e+01  4.36515832e+01  0.00000000e+00  4.36515832e+01 -1.97814941e+01  4.36515832e+01 -3.43825078e-02 
 4.41570447e+01  4.41570447e+01  0.00000000e+00  4.41570447e+01 -1.97814941e+01  4.41570447e+01 -3.47806384e-02 
 4.46683592e+01  4.46683592e+01  0.00000000e+00  4.46683592e+01 -1.97814942e+01  4.46683592e+01 -3.51833791e-02 
 4.51855944e+01  4.51855944e+01  0.00000000e+00  4.51855944e+01 -1.97814942e+01  4.51855944e+01 -3.55907834e-02 
 4.57088190e+01  4.57088190e+01  0.00000000e+00  4.57088190e+01 -1.97814942e+01  4.57088190e+01 -3.60029052e-02 
 4.62381021e+01  4.62381021e+01  0.00000000e+00  4.62381021e+01 -1.97814943e+01  4.62381021e+01 -3.64197991e-02 
 4.67735141e+01  4.67735141e+01  0.00000000e+00  4.67735141e+01 -1.97814943e+01  4.67735141e+01 -3.68415205e-02 
 4.73151259e+01  4.73151259e+01  0.00000000e+00  4.73151259e+01 -1.97814943e+01  4.73151259e+01 -3.72681251e-02 
 4.78630092e+01  4.78630092e+01  0.00000000e+00  4.78630092e+01 -1.97814943e+01  4.78630092e+01 -3.76996696e-02 
 4.84172368e+01  4.84172368e+01  0.00000000e+00  4.84172368e+01 -1.97814944e+01  4.84172368e+01 -3.81362111e-02 
 4.89778819e+01  4.89778819e+01  0.00000000e+00  4.89778819e+01 -1.97814944e+01  4.89778819e+01 -3.85778076e-02 
 4.95450191e+01  4.95450191e+01  0.00000000e+00  4.95450191e+01 -1.97814944e+01  4.95450191e+01 -3.90245175e-02 
 5.01187234e+01  5.01187234e+01  0.00000000e+00  5.01187234e+01 -1.97814945e+01  5.01187234e+01 -3.94764000e-02 
 5.06990708e+01  5.06990708e+01  0.00000000e+00  5.06990708e+01 -1.97814945e+01  5.06990708e+01 -3.99335151e-02 
 5.12861384e+01  5.12861384e+01  0.00000000e+00  5.12861384e+01 -1.97814945e+01  5.12861384e+01 -4.03959233e-02 
 5.18800039e+01  5.18800039e+01  0.00000000e+00  5.18800039e+01 -1.97814946e+01  5.18800039e+01 -4.08636860e-02 
 5.24807460e+01  5.24807460e+01  0.00000000e+00  5.24807460e+01 -1.97814946e+01  5.24807460e+01 -4.13368651e-02 
 5.30884444e+01  5.30884444e+01  0.00000000e+00  5.30884444e+01 -1.97814946e+01  5.30884444e+01 -4.18155234e-02 
 5.37031796e+01  5.37031796e+01  0.00000000e+00  5.37031796e+01 -1.97814947e+01  5.37031796e+01 -4.22997242e-02 
 5.43250331e+01  5.43250331e+01  0.00000000e+00  5.43250331e+01 -1.97814947e+01  5.43250331e+01 -4.27895318e-02 
 5.49540874e+01  5.49540874e+01  0.00000000e+00  5.49540874e+01 -1.97814947e+01  5.49540874e+01 -4.32850112e-02 
 5.55904257e+01  5.55904257e+01  0.00000000e+00  5.55904257e+01 -1.97814948e+01  5.55904257e+01 -4.37862279e-02 
 5.62341325e+01  5.62341325e+01  0.00000000e+00  5.62341325e+01 -1.97814948e+01  5.62341325e+01 -4.42932484e-02 
 5.68852931e+01  5.68852931e+01  0.00000000e+00  5.68852931e+01 -1.97814949e+01  5.68852931e+01 -4.48061399e-02 
 5.75439937e+01  5.75439937e+01  0.00000000e+00  5.75439937e+01 -1.97814949e+01  5.75439937e+01 -4.53249705e-02 
 5.82103218e+01  5.82103218e+01  0.00000000e+00  5.82103218e+01 -1.97814949e+01  5.82103218e+01 -4.58498088e-02 
 5.88843655e+01  5.88843655e+01  0.00000000e+00  5.88843655e+01 -1.97814950e+01  5.88843655e+01 -4.63807244e-02 
 5.95662144e+01  5.95662144e+01  0.00000000e+00  5.95662144e+01 -1.97814950e+01  5.95662144e+01 -4.69177878e-02 
 6.02559586e+01  6.02559586e+01  0.00000000e+00  6.02559586e+01 -1.97814951e+01  6.02559586e+01 -4.74610700e-02 
 6.09536897e+01  6.09536897e+01  0.00000000e+00  6.09536897e+01 -1.97814951e+01  6.09536897e+01 -4.80106432e-02 
 6.16595002e+01  6.16595002e+01  0.00000000e+00  6.16595002e+01 -1.97814952e+01  6.16595002e+01 -4.85665801e-02 
 6.23734835e+01  6.23734835e+01  0.00000000e+00  6.23734835e+01 -1.97814952e+01  6.23734835e+01 -4.91289544e-02 
 6.30957344e+01  6.30957344e+01  0.00000000e+00  6.30957344e+01 -1.97814953e+01  6.30957344e+01 -4.96978408e-02 
 6.38263486e+01  6.38263486e+01  0.00000000e+00  6.38263486e+01 -1.97814953e+01  6.38263486e+01 -5.02733145e-02 
 6.45654229e+01  6.45654229e+01  0.00000000e+00  6.45654229e+01 -1.97814954e+01  6.45654229e+01 -5.08554519e-02 
 6.53130553e+01  6.53130553e+01  0.00000000e+00  6.53130553e+01 -1.97814954e+01  6.53130553e+01 -5.14443301e-02 
 6.60693448e+01  6.60693448e+01  0.00000000e+00  6.60693448e+01 -1.97814955e+01  6.60693448e+01 -5.20400272e-02 
 6.68343918e+01  6.68343918e+01  0.00000000e+00  6.68343918e+01 -1.97814955e+01  6.68343918e+01 -5.26426221e-02 
 6.76082975e+01  6.76082975e+01  0.00000000e+00  6.76082975e+01 -1.97814956e+01  6.76082975e+01 -5.32521948e-02 
 6.83911647e+01  6.83911647e+01  0.00000000e+00  6.83911647e+01 -1.97814957e+01  6.83911647e+01 -5.38688259e-02 
 6.91830971e+01  6.91830971e+01  0.00000000e+00  6.91830971e+01 -1.97814957e+01  6.91830971e+01 -5.44925973e-02 
 6.99841996e+01  6.99841996e+01  0.00000000e+00  6.99841996e+01 -1.97814958e+01  6.99841996e+01 -5.51235917e-02 
 7.07945784e+01  7.07945784e+01  0.00000000e+00  7.07945784e+01 -1.97814959e+01  7.07945784e+01 -5.57618926e-02 
 7.16143410e+01  7.16143410e+01  0.00000000e+00  7.16143410e+01 -1.97814959e+01  7.16143410e+01 -5.64075847e-02 
 7.24435960e+01  7.24435960e+01  0.00000000e+00  7.24435960e+01 -1.97814960e+01  7.24435960e+01 -5.70607535e-02 
 7.32824533e+01  7.32824533e+01  0.00000000e+00  7.32824533e+01 -1.97814961e+01  7.32824533e+01 -5.77214856e-02 
 7.41310241e+01  7.41310241e+01  0.00000000e+00  7.41310241e+01 -1.97814961e+01  7.41310241e+01 -5.83898687e-02 
 7.49894209e+01  7.49894209e+01  0.00000000e+00  7.49894209e+01 -1.97814962e+01  7.49894209e+01 -5.90659913e-02 
 7.58577575e+01  7.58577575e+01  0.00000000e+00  7.58577575e+01 -1.97814963e+01  7.58577575e+01 -5.97499430e-02 
 7.67361489e+01  7.67361489e+01  0.00000000e+00  7.67361489e+01 -1.97814963e+01  7.67361489e+01 -6.04418144e-02 
 7.76247117e+01  7.76247117e+01  0.00000000e+00  7.76247117e+01 -1.97814964e+01  7.76247117e+01 -6.11416974e-02 
 7.85235635e+01  7.85235635e+01  0.00000000e+00  7.85235635e+01 -1.97814965e+01  7.85235635e+01 -6.18496846e-02 
 7.94328235e+01  7.94328235e+01  0.00000000e+00  7.94328235e+01 -1.97814966e+01  7.94328235e+01 -6.25658699e-02 
 8.03526122e+01  8.03526122e+01  0.00000000e+00  8.03526122e+01 -1.97814967e+01  8.03526122e+01 -6.32903482e-02 
 8.12830516e+01  8.12830516e+01  0.00000000e+00  8.12830516e+01 -1.97814967e+01  8.12830516e+01 -6.40232156e-02 
 8.22242650e+01  8.22242650e+01  0.00000000e+00  8.22242650e+01 -1.97814968e+01  8.22242650e+01 -6.47645692e-02 
 8.31763771e+01  8.31763771e+01  0.00000000e+00  8.31763771e+01 -1.97814969e+01  8.31763771e+01 -6.55145072e-02 
 8.41395142e+01  8.41395142e+01  0.00000000e+00  8.41395142e+01 -1.97814970e+01  8.41395142e+01 -6.62731291e-02 
 8.51138038e+01  8.51138038e+01  0.00000000e+00  8.51138038e+01 -1.97814971e+01  8.51138038e+01 -6.70405354e-02 
 8.60993752e+01  8.60993752e+01  0.00000000e+00  8.60993752e+01 -1.97814972e+01  8.60993752e+01 -6.78168278e-02 
 8.70963590e+01  8.70963590e+01  0.00000000e+00  8.70963590e+01 -1.97814973e+01  8.70963590e+01 -6.86021093e-02 
 8.81048873e+01  8.81048873e+01  0.00000000e+00  8.81048873e+01 -1.97814974e+01  8.81048873e+01 -6.93964839e-02 
 8.91250938e+01  8.91250938e+01  0.00000000e+00  8.91250938e+01 -1.97814975e+01  8.91250938e+01 -7.02000569e-02 
 9.01571138e+01  9.01571138e+01  0.00000000e+00  9.01571138e+01 -1.97814976e+01  9.01571138e+01 -7.10129348e-02 
 9.12010839e+01  9.12010839e+01  0.00000000e+00  9.12010839e+01 -1.97814977e+01  9.12010839e+01 -7.18352254e-02 
 9.22571427e+01  9.22571427e+01  0.00000000e+00  9.22571427e+01 -1.97814978e+01  9.22571427e+01 -7.26670376e-02 
 9.33254301e+01  9.33254301e+01  0.00000000e+00  9.33254301e+01 -1.97814979e+01  9.33254301e+01 -7.35084818e-02 
 9.44060876e+01  9.44060876e+01  0.00000000e+00  9.44060876e+01 -1.97814980e+01  9.44060876e+01 -7.43596694e-02 
 9.54992586e+01  9.54992586e+01  0.00000000e+00  9.54992586e+01 -1.97814981e+01  9.54992586e+01 -7.52207133e-02 
 9.66050879e+01  9.66050879e+01  0.00000000e+00  9.66050879e+01 -1.97814983e+01  9.66050879e+01 -7.60917276e-02 
 9.77237221e+01  9.77237221e+01  0.00000000e+00  9.77237221e+01 -1.97814984e+01  9.77237221e+01 -7.69728277e-02 
 9.88553095e+01  9.88553095e+01  0.00000000e+00  9.88553095e+01 -1.97814985e+01  9.88553095e+01 -7.78641304e-02 
 1.00000000e+02  1.00000000e+02  0.00000000e+00  1.00000000e+02 -1.97814986e+01  1.00000000e+02 -7.87657540e-02 
 1.01157945e+02  1.01157945e+02  0.00000000e+00  1.01157945e+02 -1.97814988e+01  1.01157945e+02 -7.96778178e-02 
 1.02329299e+02  1.02329299e+02  0.00000000e+00  1.02329299e+02 -1.97814989e+01  1.02329299e+02 -8.06004429e-02 
 1.03514217e+02  1.03514217e+02  0.00000000e+00  1.03514217e+02 -1.97814990e+01  1.03514217e+02 -8.15337514e-02 
 1.04712855e+02  1.04712855e+02  0.00000000e+00  1.04712855e+02 -1.97814992e+01  1.04712855e+02 -8.24778670e-02 
 1.05925373e+02  1.05925373e+02  0.00000000e+00  1.05925373e+02 -1.97814993e+01  1.05925373e+02 -8.34329150e-02 
 1.07151931e+02  1.07151931e+02  0.00000000e+00  1.07151931e+02 -1.97814995e+01  1.07151931e+02 -8.43990219e-02 
 1.08392691e+02  1.08392691e+02  0.00000000e+00  1.08392691e+02 -1.97814996e+01  1.08392691e+02 -8.53763158e-02 
 1.09647820e+02  1.09647820e+02  0.00000000e+00  1.09647820e+02 -1.97814998e+01  1.09647820e+02 -8.63649262e-02 
 1.10917482e+02  1.10917482e+02  0.00000000e+00  1.10917482e+02 -1.97814999e+01  1.10917482e+02 -8.73649841e-02 
 1.12201845e+02  1.12201845e+02  0.00000000e+00  1.12201845e+02 -1.97815001e+01  1.12201845e+02 -8.83766221e-02 
 1.13501082e+02  1.13501082e+02  0.00000000e+00  1.13501082e+02 -1.97815002e+01  1.13501082e+02 -8.93999743e-02 
 1.14815362e+02  1.14815362e+02  0.00000000e+00  1.14815362e+02 -1.97815004e+01  1.14815362e+02 -9.04351763e-02 
 1.16144861e+02  1.16144861e+02  0.00000000e+00  1.16144861e+02 -1.97815006e+01  1.16144861e+02 -9.14823654e-02 
 1.17489755e+02  1.17489755e+02  0.00000000e+00  1.17489755e+02 -1.97815008e+01  1.17489755e+02 -9.25416803e-02 
 1.18850223e+02  1.18850223e+02  0.00000000e+00  1.18850223e+02 -1.97815009e+01  1.18850223e+02 -9.36132614e-02 
 1.20226443e+02  1.20226443e+02  0.00000000e+00  1.20226443e+02 -1.97815011e+01  1.20226443e+02 -9.46972509e-02 
 1.21618600e+02  1.21618600e+02  0.00000000e+00  1.21618600e+02 -1.97815013e+01  1.21618600e+02 -9.57937923e-02 
 1.23026877e+02  1.23026877e+02  0.00000000e+00  1.23026877e+02 -1.97815015e+01  1.23026877e+02 -9.69030311e-02 
 1.24451461e+02  1.24451461e+02  0.00000000e+00  1.24451461e+02 -1.97815017e+01  1.24451461e+02 -9.80251142e-02 
 1.25892541e+02  1.25892541e+02  0.00000000e+00  1.25892541e+02 -1.97815019e+01  1.25892541e+02 -9.91601903e-02 
 1.27350308e+02  1.27350308e+02  0.00000000e+00  1.27350308e+02 -1.97815021e+01  1.27350308e+02 -1.00308410e-01 
 1.28824955e+02  1.28824955e+02  0.00000000e+00  1.28824955e+02 -1.97815023e+01  1.28824955e+02 -1.01469925e-01 
 1.30316678e+02  1.30316678e+02  0.00000000e+00  1.30316678e+02 -1.97815025e+01  1.30316678e+02 -1.02644890e-01 
 1.31825674e+02  1.31825674e+02  0.00000000e+00  1.31825674e+02 -1.97815028e+01  1.31825674e+02 -1.03833461e-01 
 1.33352143e+02  1.33352143e+02  0.00000000e+00  1.33352143e+02 -1.97815030e+01  1.33352143e+02 -1.05035794e-01 
 1.34896288e+02  1.34896288e+02  0.00000000e+00  1.34896288e+02 -1.97815032e+01  1.34896288e+02 -1.06252050e-01 
 1.36458314e+02  1.36458314e+02  0.00000000e+00  1.36458314e+02 -1.97815034e+01  1.36458314e+02 -1.07482389e-01 
 1.38038426e+02  1.38038426e+02  0.00000000e+00  1.38038426e+02 -1.97815037e+01  1.38038426e+02 -1.08726975e-01 
 1.39636836e+02  1.39636836e+02  0.00000000e+00  1.39636836e+02 -1.97815039e+01  1.39636836e+02 -1.09985973e-01 
 1.41253754e+02  1.41253754e+02  0.00000000e+00  1.41253754e+02 -1.97815042e+01  1.41253754e+02 -1.11259549e-01 
 1.42889396e+02  1.42889396e+02  0.00000000e+00  1.42889396e+02 -1.97815044e+01  1.42889396e+02 -1.12547872e-01 
 1.44543977e+02  1.44543977e+02  0.00000000e+00  1.44543977e+02 -1.97815047e+01  1.44543977e+02 -1.13851113e-01 
 1.46217717e+02  1.46217717e+02  0.00000000e+00  1.46217717e+02 -1.97815050e+01  1.46217717e+02 -1.15169445e-01 
 1.47910839e+02  1.47910839e+02  0.00000000e+00  1.47910839e+02 -1.97815053e+01  1.47910839e+02 -1.16503042e-01 
 1.49623566e+02  1.49623566e+02  0.00000000e+00  1.49623566e+02 -1.97815055e+01  1.49623566e+02 -1.17852082e-01 
 1.51356125e+02  1.51356125e+02  0.00000000e+00  1.51356125e+02 -1.97815058e+01  1.51356125e+02 -1.19216743e-01 
 1.53108746e+02  1.53108746e+02  0.00000000e+00  1.53108746e+02 -1.97815061e+01  1.53108746e+02 -1.20597205e-01 
 1.54881662e+02  1.54881662e+02  0.00000000e+00  1.54881662e+02 -1.97815064e+01  1.54881662e+02 -1.21993653e-01 
 1.56675107e+02  1.56675107e+02  0.00000000e+00  1.56675107e+02 -1.97815067e+01  1.56675107e+02 -1.23406271e-01 
 1.58489319e+02  1.58489319e+02  0.00000000e+00  1.58489319e+02 -1.97815071e+01  1.58489319e+02 -1.24835246e-01 
 1.60324539e+02  1.60324539e+02  0.00000000e+00  1.60324539e+02 -1.97815074e+01  1.60324539e+02 -1.26280767e-01 
 1.62181010e+02  1.62181010e+02  0.00000000e+00  1.62181010e+02 -1.97815077e+01  1.62181010e+02 -1.27743027e-01 
 1.64058977e+02  1.64058977e+02  0.00000000e+00  1.64058977e+02 -1.97815081e+01  1.64058977e+02 -1.29222219e-01 
 1.65958691e+02  1.65958691e+02  0.00000000e+00  1.65958691e+02 -1.97815084e+01  1.65958691e+02 -1.30718539e-01 
 1.67880402e+02  1.67880402e+02  0.00000000e+00  1.67880402e+02 -1.97815088e+01  1.67880402e+02 -1.32232186e-01 
 1.69824365e+02  1.69824365e+02  0.00000000e+00  1.69824365e+02 -1.97815091e+01  1.69824365e+02 -1.33763359e-01 
 1.71790839e+02  1.71790839e+02  0.00000000e+00  1.71790839e+02 -1.97815095e+01  1.71790839e+02 -1.35312263e-01 
 1.73780083e+02  1.73780083e+02  0.00000000e+00  1.73780083e+02 -1.97815099e+01  1.73780083e+02 -1.36879102e-01 
 1.75792361e+02  1.75792361e+02  0.00000000e+00  1.75792361e+02 -1.97815103e+01  1.75792361e+02 -1.38464084e-01 
 1.77827941e+02  1.77827941e+02  0.00000000e+00  1.77827941e+02 -1.97815107e+01  1.77827941e+02 -1.40067420e-01 
 1.79887092e+02  1.79887092e+02  0.00000000e+00  1.79887092e+02 -1.97815111e+01  1.79887092e+02 -1.41689320e-01 
 1.81970086e+02  1.81970086e+02  0.00000000e+00  1.81970086e+02 -1.97815115e+01  1.81970086e+02 -1.43330002e-01 
 1.84077200e+02  1.84077200e+02  0.00000000e+00  1.84077200e+02 -1.97815120e+01  1.84077200e+02 -1.44989681e-01 
 1.86208714e+02  1.86208714e+02  0.00000000e+00  1.86208714e+02 -1.97815124e+01  1.86208714e+02 -1.46668579e-01 
 1.88364909e+02  1.88364909e+02  0.00000000e+00  1.88364909e+02 -1.97815128e+01  1.88364909e+02 -1.48366917e-01 
 1.90546072e+02  1.90546072e+02  0.00000000e+00  1.90546072e+02 -1.97815133e+01  1.90546072e+02 -1.50084921e-01 
 1.92752491e+02  1.92752491e+02  0.00000000e+00  1.92752491e+02 -1.97815138e+01  1.92752491e+02 -1.51822818e-01 
 1.94984460e+02  1.94984460e+02  0.00000000e+00  1.94984460e+02 -1.97815143e+01  1.94984460e+02 -1.53580839e-01 
 1.97242274e+02  1.97242274e+02  0.00000000e+00  1.97242274e+02 -1.97815147e+01  1.97242274e+02 -1.55359217e-01 
 1.99526231e+02  1.99526231e+02  0.00000000e+00  1.99526231e+02 -1.97815153e+01  1.99526231e+02 -1.57158188e-01 
 2.01836636e+02  2.01836636e+02  0.00000000e+00  2.01836636e+02 -1.97815158e+01  2.01836636e+02 -1.58977989e-01 
 2.04173794e+02  2.04173794e+02  0.00000000e+00  2.04173794e+02 -1.97815163e+01  2.04173794e+02 -1.60818862e-01 
 2.06538016e+02  2.06538016e+02  0.00000000e+00  2.06538016e+02 -1.97815168e+01  2.06538016e+02 -1.62681052e-01 
 2.08929613e+02  2.08929613e+02  0.00000000e+00  2.08929613e+02 -1.97815174e+01  2.08929613e+02 -1.64564804e-01 
 2.11348904e+02  2.11348904e+02  0.00000000e+00  2.11348904e+02 -1.97815180e+01  2.11348904e+02 -1.66470369e-01 
 2.13796209e+02  2.13796209e+02  0.00000000e+00  2.13796209e+02 -1.97815185e+01  2.13796209e+02 -1.68397999e-01 
 2.16271852e+02  2.16271852e+02  0.00000000e+00  2.16271852e+02 -1.97815191e+01  2.16271852e+02 -1.70347950e-01 
 2.18776162e+02  2.18776162e+02  0.00000000e+00  2.18776162e+02 -1.97815197e+01  2.18776162e+02 -1.72320481e-01 
 2.21309471e+02  2.21309471e+02  0.00000000e+00  2.21309471e+02 -1.97815204e+01  2.21309471e+02 -1.74315851e-01 
 2.23872114e+02  2.23872114e+02  0.00000000e+00  2.23872114e+02 -1.97815210e+01  2.23872114e+02 -1.76334327e-01 
 2.26464431e+02  2.26464431e+02  0.00000000e+00  2.26464431e+02 -1.97815217e+01  2.26464431e+02 -1.78376176e-01 
 2.29086765e+02  2.29086765e+02  0.00000000e+00  2.29086765e+02 -1.97815223e+01  2.29086765e+02 -1.80441667e-01 
 2.31739465e+02  2.31739465e+02  0.00000000e+00  2.31739465e+02 -1.97815230e+01  2.31739465e+02 -1.82531076e-01 
 2.34422882e+02  2.34422882e+02  0.00000000e+00  2.34422882e+02 -1.97815237e+01  2.34422882e+02 -1.84644679e-01 
 2.37137371e+02  2.37137371e+02  0.00000000e+00  2.37137371e+02 -1.97815244e+01  2.37137371e+02 -1.86782756e-01 
 2.39883292e+02  2.39883292e+02  0.00000000e+00  2.39883292e+02 -1.97815251e+01  2.39883292e+02 -1.88945590e-01 
 2.42661010e+02  2.42661010e+02  0.00000000e+00  2.42661010e+02 -1.97815259e+01  2.42661010e+02 -1.91133468e-01 
 2.45470892e+02  2.45470892e+02  0.00000000e+00  2.45470892e+02 -1.97815267e+01  2.45470892e+02 -1.93346681e-01 
 2.48313311e+02  2.48313311e+02  0.00000000e+00  2.48313311e+02 -1.97815274e+01  2.48313311e+02 -1.95585521e-01 
 2.51188643e+02  2.51188643e+02  0.00000000e+00  2.51188643e+02 -1.97815282e+01  2.51188643e+02 -1.97850285e-01 
 2.54097271e+02  2.54097271e+02  0.00000000e+00  2.54097271e+02 -1.97815291e+01  2.54097271e+02 -2.00141274e-01 
 2.57039578e+02  2.57039578e+02  0.00000000e+00  2.57039578e+02 -1.97815299e+01  2.57039578e+02 -2.02458791e-01 
 2.60015956e+02  2.60015956e+02  0.00000000e+00  2.60015956e+02 -1.97815307e+01  2.60015956e+02 -2.04803143e-01 
 2.63026799e+02  2.63026799e+02  0.00000000e+00  2.63026799e+02 -1.97815316e+01  2.63026799e+02 -2.07174641e-01 
 2.66072506e+02  2.66072506e+02  0.00000000e+00  2.66072506e+02 -1.97815325e+01  2.66072506e+02 -2.09573599e-01 
 2.69153480e+02  2.69153480e+02  0.00000000e+00  2.69153480e+02 -1.97815334e+01  2.69153480e+02 -2.12000336e-01 
 2.72270131e+02  2.72270131e+02  0.00000000e+00  2.72270131e+02 -1.97815344e+01  2.72270131e+02 -2.14455172e-01 
 2.75422870e+02  2.75422870e+02  0.00000000e+00  2.75422870e+02 -1.97815354e+01  2.75422870e+02 -2.16938433e-01 
 2.78612117e+02  2.78612117e+02  0.00000000e+00  2.78612117e+02 -1.97815363e+01  2.78612117e+02 -2.19450449e-01 
 2.81838293e+02  2.81838293e+02  0.00000000e+00  2.81838293e+02 -1.97815373e+01  2.81838293e+02 -2.21991553e-01 
 2.85101827e+02  2.85101827e+02  0.00000000e+00  2.85101827e+02 -1.97815384e+01  2.85101827e+02 -2.24562080e-01 
 2.88403150e+02  2.88403150e+02  0.00000000e+00  2.88403150e+02 -1.97815394e+01  2.88403150e+02 -2.27162372e-01 
 2.91742701e+02  2.91742701e+02  0.00000000e+00  2.91742701e+02 -1.97815405e+01  2.91742701e+02 -2.29792774e-01 
 2.95120923e+02  2.95120923e+02  0.00000000e+00  2.95120923e+02 -1.97815416e+01  2.95120923e+02 -2.32453634e-01 
 2.98538262e+02  2.98538262e+02  0.00000000e+00  2.98538262e+02 -1.97815427e+01  2.98538262e+02 -2.35145305e-01 
 3.01995172e+02  3.01995172e+02  0.00000000e+00  3.01995172e+02 -1.97815439e+01  3.01995172e+02 -2.37868143e-01 
 3.05492111e+02  3.05492111e+02  0.00000000e+00  3.05492111e+02 -1.97815451e+01  3.05492111e+02 -2.40622509e-01 
 3.09029543e+02  3.09029543e+02  0.00000000e+00  3.09029543e+02 -1.97815463e+01  3.09029543e+02 -2.43408770e-01 
 3.12607937e+02  3.12607937e+02  0.00000000e+00  3.12607937e+02 -1.97815475e+01  3.12607937e+02 -2.46227292e-01 
 3.16227766e+02  3.16227766e+02  0.00000000e+00  3.16227766e+02 -1.97815488e+01  3.16227766e+02 -2.49078451e-01 
 3.19889511e+02  3.19889511e+02  0.00000000e+00  3.19889511e+02 -1.97815501e+01  3.19889511e+02 -2.51962625e-01 
 3.23593657e+02  3.23593657e+02  0.00000000e+00  3.23593657e+02 -1.97815514e+01  3.23593657e+02 -2.54880195e-01 
 3.27340695e+02  3.27340695e+02  0.00000000e+00  3.27340695e+02 -1.97815528e+01  3.27340695e+02 -2.57831548e-01 
 3.31131121e+02  3.31131121e+02  0.00000000e+00  3.31131121e+02 -1.97815542e+01  3.31131121e+02 -2.60817075e-01 
 3.34965439e+02  3.34965439e+02  0.00000000e+00  3.34965439e+02 -1.97815556e+01  3.34965439e+02 -2.63837172e-01 
 3.38844156e+02  3.38844156e+02  0.00000000e+00  3.38844156e+02 -1.97815571e+01  3.38844156e+02 -2.66892240e-01 
 3.42767787e+02  3.42767787e+02  0.00000000e+00  3.42767787e+02 -1.97815586e+01  3.42767787e+02 -2.69982683e-01 
 3.46736850e+02  3.46736850e+02  0.00000000e+00  3.46736850e+02 -1.97815601e+01  3.46736850e+02 -2.73108911e-01 
 3.50751874e+02  3.50751874e+02  0.00000000e+00  3.50751874e+02 -1.97815617e+01  3.50751874e+02 -2.76271337e-01 
 3.54813389e+02  3.54813389e+02  0.00000000e+00  3.54813389e+02 -1.97815632e+01  3.54813389e+02 -2.79470383e-01 
 3.58921935e+02  3.58921935e+02  0.00000000e+00  3.58921935e+02 -1.97815649e+01  3.58921935e+02 -2.82706470e-01 
 3.63078055e+02  3.63078055e+02  0.00000000e+00  3.63078055e+02 -1.97815666e+01  3.63078055e+02 -2.85980029e-01 
 3.67282300e+02  3.67282300e+02  0.00000000e+00  3.67282300e+02 -1.97815683e+01  3.67282300e+02 -2.89291492e-01 
 3.71535229e+02  3.71535229e+02  0.00000000e+00  3.71535229e+02 -1.97815700e+01  3.71535229e+02 -2.92641300e-01 
 3.75837404e+02  3.75837404e+02  0.00000000e+00  3.75837404e+02 -1.97815718e+01  3.75837404e+02 -2.96029895e-01 
 3.80189396e+02  3.80189396e+02  0.00000000e+00  3.80189396e+02 -1.97815736e+01  3.80189396e+02 -2.99457728e-01 
 3.84591782e+02  3.84591782e+02  0.00000000e+00  3.84591782e+02 -1.97815755e+01  3.84591782e+02 -3.02925251e-01 
 3.89045145e+02  3.89045145e+02  0.00000000e+00  3.89045145e+02 -1.97815774e+01  3.89045145e+02 -3.06432926e-01 
 3.93550075e+02  3.93550075e+02  0.00000000e+00  3.93550075e+02 -1.97815794e+01  3.93550075e+02 -3.09981216e-01 
 3.98107171e+02  3.98107171e+02  0.00000000e+00  3.98107171e+02 -1.97815814e+01  3.98107171e+02 -3.13570593e-01 
 4.02717034e+02  4.02717034e+02  0.00000000e+00  4.02717034e+02 -1.97815835e+01  4.02717034e+02 -3.17201531e-01 
 4.07380278e+02  4.07380278e+02  0.00000000e+00  4.07380278e+02 -1.97815856e+01  4.07380278e+02 -3.20874512e-01 
 4.12097519e+02  4.12097519e+02  0.00000000e+00  4.12097519e+02 -1.97815877e+01  4.12097519e+02 -3.24590022e-01 
 4.16869383e+02  4.16869383e+02  0.00000000e+00  4.16869383e+02 -1.97815899e+01  4.16869383e+02 -3.28348555e-01 
 4.21696503e+02  4.21696503e+02  0.00000000e+00  4.21696503e+02 -1.97815922e+01  4.21696503e+02 -3.32150608e-01 
 4.26579519e+02  4.26579519e+02  0.00000000e+00  4.26579519e+02 -1.97815945e+01  4.26579519e+02 -3.35996686e-01 
 4.31519077e+02  4.31519077e+02  0.00000000e+00  4.31519077e+02 -1.97815969e+01  4.31519077e+02 -3.39887297e-01 
 4.36515832e+02  4.36515832e+02  0.00000000e+00  4.36515832e+02 -1.97815993e+01  4.36515832e+02 -3.43822957e-01 
 4.41570447e+02  4.41570447e+02  0.00000000e+00  4.41570447e+02 -1.97816018e+01  4.41570447e+02 -3.47804189e-01 
 4.46683592e+02  4.46683592e+02  0.00000000e+00  4.46683592e+02 -1.97816043e+01  4.46683592e+02 -3.51831520e-01 
 4.51855944e+02  4.51855944e+02  0.00000000e+00  4.51855944e+02 -1.97816069e+01  4.51855944e+02 -3.55905482e-01 
 4.57088190e+02  4.57088190e+02  0.00000000e+00  4.57088190e+02 -1.97816095e+01  4.57088190e+02 -3.60026618e-01 
 4.62381021e+02  4.62381021e+02  0.00000000e+00  4.62381021e+02 -1.97816123e+01  4.62381021e+02 -3.64195472e-01 
 4.67735141e+02  4.67735141e+02  0.00000000e+00  4.67735141e+02 -1.97816150e+01  4.67735141e+02 -3.68412596e-01 
 4.73151259e+02  4.73151259e+02  0.00000000e+00  4.73151259e+02 -1.97816179e+01  4.73151259e+02 -3.72678551e-01 
 4.78630092e+02  4.78630092e+02  0.00000000e+00  4.78630092e+02 -1.97816208e+01  4.78630092e+02 -3.76993901e-01 
 4.84172368e+02  4.84172368e+02  0.00000000e+00  4.84172368e+02 -1.97816238e+01  4.84172368e+02 -3.81359218e-01 
 4.89778819e+02  4.89778819e+02  0.00000000e+00  4.89778819e+02 -1.97816268e+01  4.89778819e+02 -3.85775081e-01 
 4.95450191e+02  4.95450191e+02  0.00000000e+00  4.95450191e+02 -1.97816299e+01  4.95450191e+02 -3.90242075e-01 
 5.01187234e+02  5.01187234e+02  0.00000000e+00  5.01187234e+02 -1.97816331e+01  5.01187234e+02 -3.94760791e-01 
 5.06990708e+02  5.06990708e+02  0.00000000e+00  5.06990708e+02 -1.97816364e+01  5.06990708e+02 -3.99331829e-01 
 5.12861384e+02  5.12861384e+02  0.00000000e+00  5.12861384e+02 -1.97816397e+01  5.12861384e+02 -4.03955795e-01 
 5.18800039e+02  5.18800039e+02  0.00000000e+00  5.18800039e+02 -1.97816431e+01  5.18800039e+02 -4.08633301e-01 
 5.24807460e+02  5.24807460e+02  0.00000000e+00  5.24807460e+02 -1.97816466e+01  5.24807460e+02 -4.13364967e-01 
 5.30884444e+02  5.30884444e+02  0.00000000e+00  5.30884444e+02 -1.97816502e+01  5.30884444e+02 -4.18151420e-01 
 5.37031796e+02  5.37031796e+02  0.00000000e+00  5.37031796e+02 -1.97816538e+01  5.37031796e+02 -4.22993294e-01 
 5.43250331e+02  5.43250331e+02  0.00000000e+00  5.43250331e+02 -1.97816576e+01  5.43250331e+02 -4.27891232e-01 
 5.49540874e+02  5.49540874e+02  0.00000000e+00  5.49540874e+02 -1.97816614e+01  5.49540874e+02 -4.32845881e-01 
 5.55904257e+02  5.55904257e+02  0.00000000e+00  5.55904257e+02 -1.97816653e+01  5.55904257e+02 -4.37857900e-01 
 5.62341325e+02  5.62341325e+02  0.00000000e+00  5.62341325e+02 -1.97816694e+01  5.62341325e+02 -4.42927951e-01 
 5.68852931e+02  5.68852931e+02  0.00000000e+00  5.68852931e+02 -1.97816735e+01  5.68852931e+02 -4.48056707e-01 
 5.75439937e+02  5.75439937e+02  0.00000000e+00  5.75439937e+02 -1.97816777e+01  5.75439937e+02 -4.53244847e-01 
 5.82103218e+02  5.82103218e+02  0.00000000e+00  5.82103218e+02 -1.97816820e+01  5.82103218e+02 -4.58493060e-01 
 5.88843655e+02  5.88843655e+02  0.00000000e+00  5.88843655e+02 -1.97816864e+01  5.88843655e+02 -4.63802040e-01 
 5.95662144e+02  5.95662144e+02  0.00000000e+00  5.95662144e+02 -1.97816909e+01  5.95662144e+02 -4.69172490e-01 
 6.02559586e+02  6.02559586e+02  0.00000000e+00  6.02559586e+02 -1.97816955e+01  6.02559586e+02 -4.74605123e-01 
 6.09536897e+02  6.09536897e+02  0.00000000e+00  6.09536897e+02 -1.97817002e+01  6.09536897e+02 -4.80100659e-01 
 6.16595002e+02  6.16595002e+02  0.00000000e+00  6.16595002e+02 -1.97817050e+01  6.16595002e+02 -4.85659825e-01 
 6.23734835e+02  6.23734835e+02  0.00000000e+00  6.23734835e+02 -1.97817100e+01  6.23734835e+02 -4.91283359e-01 
 6.30957344e+02  6.30957344e+02  0.00000000e+00  6.30957344e+02 -1.97817150e+01  6.30957344e+02 -4.96972005e-01 
 6.38263486e+02  6.38263486e+02  0.00000000e+00  6.38263486e+02 -1.97817202e+01  6.38263486e+02 -5.02726517e-01 
 6.45654229e+02  6.45654229e+02  0.00000000e+00  6.45654229e+02 -1.97817255e+01  6.45654229e+02 -5.08547658e-01 
 6.53130553e+02  6.53130553e+02  0.00000000e+00  6.53130553e+02 -1.97817309e+01  6.53130553e+02 -5.14436199e-01 
 6.60693448e+02  6.60693448e+02  0.00000000e+00  6.60693448e+02 -1.97817364e+01  6.60693448e+02 -5.20392920e-01 
 6.68343918e+02  6.68343918e+02  0.00000000e+00  6.68343918e+02 -1.97817421e+01  6.68343918e+02 -5.26418611e-01 
 6.76082975e+02  6.76082975e+02  0.00000000e+00  6.76082975e+02 -1.97817479e+01  6.76082975e+02 -5.32514070e-01 
 6.83911647e+02  6.83911647e+02  0.00000000e+00  6.83911647e+02 -1.97817538e+01  6.83911647e+02 -5.38680105e-01 
 6.91830971e+02  6.91830971e+02  0.00000000e+00  6.91830971e+02 -1.97817599e+01  6.91830971e+02 -5.44917533e-01 
 6.99841996e+02  6.99841996e+02  0.00000000e+00  6.99841996e+02 -1.97817661e+01  6.99841996e+02 -5.51227180e-01 
 7.07945784e+02  7.07945784e+02  0.00000000e+00  7.07945784e+02 -1.97817725e+01  7.07945784e+02 -5.57609881e-01 
 7.16143410e+02  7.16143410e+02  0.00000000e+00  7.16143410e+02 -1.97817790e+01  7.16143410e+02 -5.64066484e-01 
 7.24435960e+02  7.24435960e+02  0.00000000e+00  7.24435960e+02 -1.97817856e+01  7.24435960e+02 -5.70597844e-01 
 7.32824533e+02  7.32824533e+02  0.00000000e+00  7.32824533e+02 -1.97817925e+01  7.32824533e+02 -5.77204825e-01 
 7.41310241e+02  7.41310241e+02  0.00000000e+00  7.41310241e+02 -1.97817994e+01  7.41310241e+02 -5.83888303e-01 
 7.49894209e+02  7.49894209e+02  0.00000000e+00  7.49894209e+02 -1.97818066e+01  7.49894209e+02 -5.90649164e-01 
 7.58577575e+02  7.58577575e+02  0.00000000e+00  7.58577575e+02 -1.97818139e+01  7.58577575e+02 -5.97488303e-01 
 7.67361489e+02  7.67361489e+02  0.00000000e+00  7.67361489e+02 -1.97818213e+01  7.67361489e+02 -6.04406626e-01 
 7.76247117e+02  7.76247117e+02  0.00000000e+00  7.76247117e+02 -1.97818290e+01  7.76247117e+02 -6.11405051e-01 
 7.85235635e+02  7.85235635e+02  0.00000000e+00  7.85235635e+02 -1.97818368e+01  7.85235635e+02 -6.18484504e-01 
 7.94328235e+02  7.94328235e+02  0.00000000e+00  7.94328235e+02 -1.97818448e+01  7.94328235e+02 -6.25645924e-01 
 8.03526122e+02  8.03526122e+02  0.00000000e+00  8.03526122e+02 -1.97818530e+01  8.03526122e+02 -6.32890258e-01 
 8.12830516e+02  8.12830516e+02  0.00000000e+00  8.12830516e+02 -1.97818614e+01  8.12830516e+02 -6.40218467e-01 
 8.22242650e+02  8.22242650e+02  0.00000000e+00  8.22242650e+02 -1.97818700e+01  8.22242650e+02 -6.47631522e-01 
 8.31763771e+02  8.31763771e+02  0.00000000e+00  8.31763771e+02 -1.97818788e+01  8.31763771e+02 -6.55130404e-01 
 8.41395142e+02  8.41395142e+02  0.00000000e+00  8.41395142e+02 -1.97818877e+01  8.41395142e+02 -6.62716107e-01 
 8.51138038e+02  8.51138038e+02  0.00000000e+00  8.51138038e+02 -1.97818969e+01  8.51138038e+02 -6.70389637e-01 
 8.60993752e+02  8.60993752e+02  0.00000000e+00  8.60993752e+02 -1.97819063e+01  8.60993752e+02 -6.78152009e-01 
 8.70963590e+02  8.70963590e+02  0.00000000e+00  8.70963590e+02 -1.97819160e+01  8.70963590e+02 -6.86004252e-01 
 8.81048873e+02  8.81048873e+02  0.00000000e+00  8.81048873e+02 -1.97819258e+01  8.81048873e+02 -6.93947406e-01 
 8.91250938e+02  8.91250938e+02  0.00000000e+00  8.91250938e+02 -1.97819359e+01  8.91250938e+02 -7.01982523e-01 
 9.01571138e+02  9.01571138e+02  0.00000000e+00  9.01571138e+02 -1.97819462e+01  9.01571138e+02 -7.10110668e-01 
 9.12010839e+02  9.12010839e+02  0.00000000e+00  9.12010839e+02 -1.97819568e+01  9.12010839e+02 -7.18332918e-01 
 9.22571427e+02  9.22571427e+02  0.00000000e+00  9.22571427e+02 -1.97819676e+01  9.22571427e+02 -7.26650361e-01 
 9.33254301e+02  9.33254301e+02  0.00000000e+00  9.33254301e+02 -1.97819786e+01  9.33254301e+02 -7.35064099e-01 
 9.44060876e+02  9.44060876e+02  0.00000000e+00  9.44060876e+02 -1.97819899e+01  9.44060876e+02 -7.43575247e-01 
 9.54992586e+02  9.54992586e+02  0.00000000e+00  9.54992586e+02 -1.97820015e+01  9.54992586e+02 -7.52184932e-01 
 9.66050879e+02  9.66050879e+02  0.00000000e+00  9.66050879e+02 -1.97820133e+01  9.66050879e+02 -7.60894295e-01 
 9.77237221e+02  9.77237221e+02  0.00000000e+00  9.77237221e+02 -1.97820255e+01  9.77237221e+02 -7.69704489e-01 
 9.88553095e+02  9.88553095e+02  0.00000000e+00  9.88553095e+02 -1.97820379e+01  9.88553095e+02 -7.78616680e-01 
 1.00000000e+03  1.00000000e+03  0.00000000e+00  1.00000000e+03 -1.97820505e+01  1.00000000e+03 -7.87632050e-01 
 1.01157945e+03  1.01157945e+03  0.00000000e+00  1.01157945e+03 -1.97820635e+01  1.01157945e+03 -7.96751793e-01 
 1.02329299e+03  1.02329299e+03  0.00000000e+00  1.02329299e+03 -1.97820768e+01  1.02329299e+03 -8.05977116e-01 
 1.03514217e+03  1.03514217e+03  0.00000000e+00  1.03514217e+03 -1.97820904e+01  1.03514217e+03 -8.15309241e-01 
 1.04712855e+03  1.04712855e+03  0.00000000e+00  1.04712855e+03 -1.97821043e+01  1.04712855e+03 -8.24749405e-01 
 1.05925373e+03  1.05925373e+03  0.00000000e+00  1.05925373e+03 -1.97821186e+01  1.05925373e+03 -8.34298856e-01 
 1.07151931e+03  1.07151931e+03  0.00000000e+00  1.07151931e+03 -1.97821331e+01  1.07151931e+03 -8.43958861e-01 
 1.08392691e+03  1.08392691e+03  0.00000000e+00  1.08392691e+03 -1.97821480e+01  1.08392691e+03 -8.53730697e-01 
 1.09647820e+03  1.09647820e+03  0.00000000e+00  1.09647820e+03 -1.97821633e+01  1.09647820e+03 -8.63615660e-01 
 1.10917482e+03  1.10917482e+03  0.00000000e+00  1.10917482e+03 -1.97821789e+01  1.10917482e+03 -8.73615059e-01 
 1.12201845e+03  1.12201845e+03  0.00000000e+00  1.12201845e+03 -1.97821949e+01  1.12201845e+03 -8.83730217e-01 
 1.13501082e+03  1.13501082e+03  0.00000000e+00  1.13501082e+03 -1.97822112e+01  1.13501082e+03 -8.93962473e-01 
 1.14815362e+03  1.14815362e+03  0.00000000e+00  1.14815362e+03 -1.97822280e+01  1.14815362e+03 -9.04313184e-01 
 1.16144861e+03  1.16144861e+03  0.00000000e+00  1.16144861e+03 -1.97822451e+01  1.16144861e+03 -9.14783719e-01 
 1.17489755e+03  1.17489755e+03  0.00000000e+00  1.17489755e+03 -1.97822626e+01  1.17489755e+03 -9.25375465e-01 
 1.18850223e+03  1.18850223e+03  0.00000000e+00  1.18850223e+03 -1.97822805e+01  1.18850223e+03 -9.36089824e-01 
 1.20226443e+03  1.20226443e+03  0.00000000e+00  1.20226443e+03 -1.97822989e+01  1.20226443e+03 -9.46928215e-01 
 1.21618600e+03  1.21618600e+03  0.00000000e+00  1.21618600e+03 -1.97823176e+01  1.21618600e+03 -9.57892073e-01 
 1.23026877e+03  1.23026877e+03  0.00000000e+00  1.23026877e+03 -1.97823368e+01  1.23026877e+03 -9.68982849e-01 
 1.24451461e+03  1.24451461e+03  0.00000000e+00  1.24451461e+03 -1.97823565e+01  1.24451461e+03 -9.80202012e-01 
 1.25892541e+03  1.25892541e+03  0.00000000e+00  1.25892541e+03 -1.97823766e+01  1.25892541e+03 -9.91551047e-01 
 1.27350308e+03  1.27350308e+03  0.00000000e+00  1.27350308e+03 -1.97823972e+01  1.27350308e+03 -1.00303146e+00 
 1.28824955e+03  1.28824955e+03  0.00000000e+00  1.28824955e+03 -1.97824182e+01  1.28824955e+03 -1.01464476e+00 
 1.30316678e+03  1.30316678e+03  0.00000000e+00  1.30316678e+03 -1.97824398e+01  1.30316678e+03 -1.02639250e+00 
 1.31825674e+03  1.31825674e+03  0.00000000e+00  1.31825674e+03 -1.97824618e+01  1.31825674e+03 -1.03827622e+00 
 1.33352143e+03  1.33352143e+03  0.00000000e+00  1.33352143e+03 -1.97824844e+01  1.33352143e+03 -1.05029750e+00 
 1.34896288e+03  1.34896288e+03  0.00000000e+00  1.34896288e+03 -1.97825075e+01  1.34896288e+03 -1.06245794e+00 
 1.36458314e+03  1.36458314e+03  0.00000000e+00  1.36458314e+03 -1.97825311e+01  1.36458314e+03 -1.07475913e+00 
 1.38038426e+03  1.38038426e+03  0.00000000e+00  1.38038426e+03 -1.97825553e+01  1.38038426e+03 -1.08720271e+00 
 1.39636836e+03  1.39636836e+03  0.00000000e+00  1.39636836e+03 -1.97825800e+01  1.39636836e+03 -1.09979033e+00 
 1.41253754e+03  1.41253754e+03  0.00000000e+00  1.41253754e+03 -1.97826053e+01  1.41253754e+03 -1.11252365e+00 
 1.42889396e+03  1.42889396e+03  0.00000000e+00  1.42889396e+03 -1.97826312e+01  1.42889396e+03 -1.12540436e+00 
 1.44543977e+03  1.44543977e+03  0.00000000e+00  1.44543977e+03 -1.97826577e+01  1.44543977e+03 -1.13843416e+00 
 1.46217717e+03  1.46217717e+03  0.00000000e+00  1.46217717e+03 -1.97826849e+01  1.46217717e+03 -1.15161477e+00 
 1.47910839e+03  1.47910839e+03  0.00000000e+00  1.47910839e+03 -1.97827126e+01  1.47910839e+03 -1.16494795e+00 
 1.49623566e+03  1.49623566e+03  0.00000000e+00  1.49623566e+03 -1.97827410e+01  1.49623566e+03 -1.17843545e+00 
 1.51356125e+03  1.51356125e+03  0.00000000e+00  1.51356125e+03 -1.97827701e+01  1.51356125e+03 -1.19207905e+00 
 1.53108746e+03  1.53108746e+03  0.00000000e+00  1.53108746e+03 -1.97827998e+01  1.53108746e+03 -1.20588058e+00 
 1.54881662e+03  1.54881662e+03  0.00000000e+00  1.54881662e+03 -1.97828303e+01  1.54881662e+03 -1.21984184e+00 
 1.56675107e+03  1.56675107e+03  0.00000000e+00  1.56675107e+03 -1.97828614e+01  1.56675107e+03 -1.23396469e+00 
 1.58489319e+03  1.58489319e+03  0.00000000e+00  1.58489319e+03 -1.97828933e+01  1.58489319e+03 -1.24825099e+00 
 1.60324539e+03  1.60324539e+03  0.00000000e+00  1.60324539e+03 -1.97829259e+01  1.60324539e+03 -1.26270264e+00 
 1.62181010e+03  1.62181010e+03  0.00000000e+00  1.62181010e+03 -1.97829593e+01  1.62181010e+03 -1.27732155e+00 
 1.64058977e+03  1.64058977e+03  0.00000000e+00  1.64058977e+03 -1.97829934e+01  1.64058977e+03 -1.29210965e+00 
 1.65958691e+03  1.65958691e+03  0.00000000e+00  1.65958691e+03 -1.97830284e+01  1.65958691e+03 -1.30706890e+00 
 1.67880402e+03  1.67880402e+03  0.00000000e+00  1.67880402e+03 -1.97830641e+01  1.67880402e+03 -1.32220127e+00 
 1.69824365e+03  1.69824365e+03  0.00000000e+00  1.69824365e+03 -1.97831007e+01  1.69824365e+03 -1.33750877e+00 
 1.71790839e+03  1.71790839e+03  0.00000000e+00  1.71790839e+03 -1.97831381e+01  1.71790839e+03 -1.35299342e+00 
 1.73780083e+03  1.73780083e+03  0.00000000e+00  1.73780083e+03 -1.97831765e+01  1.73780083e+03 -1.36865727e+00 
 1.75792361e+03  1.75792361e+03  0.00000000e+00  1.75792361e+03 -1.97832157e+01  1.75792361e+03 -1.38450239e+00 
 1.77827941e+03  1.77827941e+03  0.00000000e+00  1.77827941e+03 -1.97832558e+01  1.77827941e+03 -1.40053088e+00 
 1.79887092e+03  1.79887092e+03  0.00000000e+00  1.79887092e+03 -1.97832968e+01  1.79887092e+03 -1.41674485e+00 
 1.81970086e+03  1.81970086e+03  0.00000000e+00  1.81970086e+03 -1.97833388e+01  1.81970086e+03 -1.43314645e+00 
 1.84077200e+03  1.84077200e+03  0.00000000e+00  1.84077200e+03 -1.97833818e+01  1.84077200e+03 -1.44973785e+00 
 1.86208714e+03  1.86208714e+03  0.00000000e+00  1.86208714e+03 -1.97834258e+01  1.86208714e+03 -1.46652125e+00 
 1.88364909e+03  1.88364909e+03  0.00000000e+00  1.88364909e+03 -1.97834708e+01  1.88364909e+03 -1.48349885e+00 
 1.90546072e+03  1.90546072e+03  0.00000000e+00  1.90546072e+03 -1.97835169e+01  1.90546072e+03 -1.50067290e+00 
 1.92752491e+03  1.92752491e+03  0.00000000e+00  1.92752491e+03 -1.97835640e+01  1.92752491e+03 -1.51804568e+00 
 1.94984460e+03  1.94984460e+03  0.00000000e+00  1.94984460e+03 -1.97836122e+01  1.94984460e+03 -1.53561948e+00 
 1.97242274e+03  1.97242274e+03  0.00000000e+00  1.97242274e+03 -1.97836616e+01  1.97242274e+03 -1.55339662e+00 
 1.99526231e+03  1.99526231e+03  0.00000000e+00  1.99526231e+03 -1.97837121e+01  1.99526231e+03 -1.57137945e+00 
 2.01836636e+03  2.01836636e+03  0.00000000e+00  2.01836636e+03 -1.97837638e+01  2.01836636e+03 -1.58957035e+00 
 2.04173794e+03  2.04173794e+03  0.00000000e+00  2.04173794e+03 -1.97838166e+01  2.04173794e+03 -1.60797172e+00 
 2.06538016e+03  2.06538016e+03  0.00000000e+00  2.06538016e+03 -1.97838708e+01  2.06538016e+03 -1.62658599e+00 
 2.08929613e+03  2.08929613e+03  0.00000000e+00  2.08929613e+03 -1.97839261e+01  2.08929613e+03 -1.64541563e+00 
 2.11348904e+03  2.11348904e+03  0.00000000e+00  2.11348904e+03 -1.97839828e+01  2.11348904e+03 -1.66446311e+00 
 2.13796209e+03  2.13796209e+03  0.00000000e+00  2.13796209e+03 -1.97840408e+01  2.13796209e+03 -1.68373096e+00 
 2.16271852e+03  2.16271852e+03  0.00000000e+00  2.16271852e+03 -1.97841001e+01  2.16271852e+03 -1.70322173e+00 
 2.18776162e+03  2.18776162e+03  0.00000000e+00  2.18776162e+03 -1.97841608e+01  2.18776162e+03 -1.72293797e+00 
 2.21309471e+03  2.21309471e+03  0.00000000e+00  2.21309471e+03 -1.97842229e+01  2.21309471e+03 -1.74288230e+00 
 2.23872114e+03  2.23872114e+03  0.00000000e+00  2.23872114e+03 -1.97842865e+01  2.23872114e+03 -1.76305736e+00 
 2.26464431e+03  2.26464431e+03  0.00000000e+00  2.26464431e+03 -1.97843515e+01  2.26464431e+03 -1.78346580e+00 
 2.29086765e+03  2.29086765e+03  0.00000000e+00  2.29086765e+03 -1.97844181e+01  2.29086765e+03 -1.80411032e+00 
 2.31739465e+03  2.31739465e+03  0.00000000e+00  2.31739465e+03 -1.97844862e+01  2.31739465e+03 -1.82499364e+00 
 2.34422882e+03  2.34422882e+03  0.00000000e+00  2.34422882e+03 -1.97845559e+01  2.34422882e+03 -1.84611853e+00 
 2.37137371e+03  2.37137371e+03  0.00000000e+00  2.37137371e+03 -1.97846272e+01  2.37137371e+03 -1.86748776e+00 
 2.39883292e+03  2.39883292e+03  0.00000000e+00  2.39883292e+03 -1.97847002e+01  2.39883292e+03 -1.88910417e+00 
 2.42661010e+03  2.42661010e+03  0.00000000e+00  2.42661010e+03 -1.97847749e+01  2.42661010e+03 -1.91097059e+00 
 2.45470892e+03  2.45470892e+03  0.00000000e+00  2.45470892e+03 -1.97848513e+01  2.45470892e+03 -1.93308993e+00 
 2.48313311e+03  2.48313311e+03  0.00000000e+00  2.48313311e+03 -1.97849295e+01  2.48313311e+03 -1.95546509e+00 
 2.51188643e+03  2.51188643e+03  0.00000000e+00  2.51188643e+03 -1.97850095e+01  2.51188643e+03 -1.97809903e+00 
 2.54097271e+03  2.54097271e+03  0.00000000e+00  2.54097271e+03 -1.97850914e+01  2.54097271e+03 -2.00099473e+00 
 2.57039578e+03  2.57039578e+03  0.00000000e+00  2.57039578e+03 -1.97851752e+01  2.57039578e+03 -2.02415521e+00 
 2.60015956e+03  2.60015956e+03  0.00000000e+00  2.60015956e+03 -1.97852609e+01  2.60015956e+03 -2.04758353e+00 
 2.63026799e+03  2.63026799e+03  0.00000000e+00  2.63026799e+03 -1.97853486e+01  2.63026799e+03 -2.07128277e+00 
 2.66072506e+03  2.66072506e+03  0.00000000e+00  2.66072506e+03 -1.97854384e+01  2.66072506e+03 -2.09525607e+00 
 2.69153480e+03  2.69153480e+03  0.00000000e+00  2.69153480e+03 -1.97855303e+01  2.69153480e+03 -2.11950657e+00 
 2.72270131e+03  2.72270131e+03  0.00000000e+00  2.72270131e+03 -1.97856243e+01  2.72270131e+03 -2.14403748e+00 
 2.75422870e+03  2.75422870e+03  0.00000000e+00  2.75422870e+03 -1.97857205e+01  2.75422870e+03 -2.16885204e+00 
 2.78612117e+03  2.78612117e+03  0.00000000e+00  2.78612117e+03 -1.97858189e+01  2.78612117e+03 -2.19395350e+00 
 2.81838293e+03  2.81838293e+03  0.00000000e+00  2.81838293e+03 -1.97859196e+01  2.81838293e+03 -2.21934517e+00 
 2.85101827e+03  2.85101827e+03  0.00000000e+00  2.85101827e+03 -1.97860227e+01  2.85101827e+03 -2.24503041e+00 
 2.88403150e+03  2.88403150e+03  0.00000000e+00  2.88403150e+03 -1.97861281e+01  2.88403150e+03 -2.27101260e+00 
 2.91742701e+03  2.91742701e+03  0.00000000e+00  2.91742701e+03 -1.97862360e+01  2.91742701e+03 -2.29729515e+00 
 2.95120923e+03  2.95120923e+03  0.00000000e+00  2.95120923e+03 -1.97863465e+01  2.95120923e+03 -2.32388152e+00 
 2.98538262e+03  2.98538262e+03  0.00000000e+00  2.98538262e+03 -1.97864594e+01  2.98538262e+03 -2.35077523e+00 
 3.01995172e+03  3.01995172e+03  0.00000000e+00  3.01995172e+03 -1.97865751e+01  3.01995172e+03 -2.37797980e+00 
 3.05492111e+03  3.05492111e+03  0.00000000e+00  3.05492111e+03 -1.97866934e+01  3.05492111e+03 -2.40549882e+00 
 3.09029543e+03  3.09029543e+03  0.00000000e+00  3.09029543e+03 -1.97868144e+01  3.09029543e+03 -2.43333591e+00 
 3.12607937e+03  3.12607937e+03  0.00000000e+00  3.12607937e+03 -1.97869383e+01  3.12607937e+03 -2.46149473e+00 
 3.16227766e+03  3.16227766e+03  0.00000000e+00  3.16227766e+03 -1.97870651e+01  3.16227766e+03 -2.48997899e+00 
 3.19889511e+03  3.19889511e+03  0.00000000e+00  3.19889511e+03 -1.97871948e+01  3.19889511e+03 -2.51879243e+00 
 3.23593657e+03  3.23593657e+03  0.00000000e+00  3.23593657e+03 -1.97873275e+01  3.23593657e+03 -2.54793884e+00 
 3.27340695e+03  3.27340695e+03  0.00000000e+00  3.27340695e+03 -1.97874634e+01  3.27340695e+03 -2.57742205e+00 
 3.31131121e+03  3.31131121e+03  0.00000000e+00  3.31131121e+03 -1.97876023e+01  3.31131121e+03 -2.60724594e+00 
 3.34965439e+03  3.34965439e+03  0.00000000e+00  3.34965439e+03 -1.97877445e+01  3.34965439e+03 -2.63741444e+00 
 3.38844156e+03  3.38844156e+03  0.00000000e+00  3.38844156e+03 -1.97878901e+01  3.38844156e+03 -2.66793149e+00 
 3.42767787e+03  3.42767787e+03  0.00000000e+00  3.42767787e+03 -1.97880390e+01  3.42767787e+03 -2.69880112e+00 
 3.46736850e+03  3.46736850e+03  0.00000000e+00  3.46736850e+03 -1.97881913e+01  3.46736850e+03 -2.73002737e+00 
 3.50751874e+03  3.50751874e+03  0.00000000e+00  3.50751874e+03 -1.97883473e+01  3.50751874e+03 -2.76161435e+00 
 3.54813389e+03  3.54813389e+03  0.00000000e+00  3.54813389e+03 -1.97885068e+01  3.54813389e+03 -2.79356620e+00 
 3.58921935e+03  3.58921935e+03  0.00000000e+00  3.58921935e+03 -1.97886700e+01  3.58921935e+03 -2.82588712e+00 
 3.63078055e+03  3.63078055e+03  0.00000000e+00  3.63078055e+03 -1.97888371e+01  3.63078055e+03 -2.85858135e+00 
 3.67282300e+03  3.67282300e+03  0.00000000e+00  3.67282300e+03 -1.97890080e+01  3.67282300e+03 -2.89165318e+00 
 3.71535229e+03  3.71535229e+03  0.00000000e+00  3.71535229e+03 -1.97891829e+01  3.71535229e+03 -2.92510694e+00 
 3.75837404e+03  3.75837404e+03  0.00000000e+00  3.75837404e+03 -1.97893619e+01  3.75837404e+03 -2.95894703e+00 
 3.80189396e+03  3.80189396e+03  0.00000000e+00  3.80189396e+03 -1.97895451e+01  3.80189396e+03 -2.99317788e+00 
 3.84591782e+03  3.84591782e+03  0.00000000e+00  3.84591782e+03 -1.97897325e+01  3.84591782e+03 -3.02780397e+00 
 3.89045145e+03  3.89045145e+03  0.00000000e+00  3.89045145e+03 -1.97899242e+01  3.89045145e+03 -3.06282985e+00 
 3.93550075e+03  3.93550075e+03  0.00000000e+00  3.93550075e+03 -1.97901204e+01  3.93550075e+03 -3.09826010e+00 
 3.98107171e+03  3.98107171e+03  0.00000000e+00  3.98107171e+03 -1.97903212e+01  3.98107171e+03 -3.13409936e+00 
 4.02717034e+03  4.02717034e+03  0.00000000e+00  4.02717034e+03 -1.97905266e+01  4.02717034e+03 -3.17035233e+00 
 4.07380278e+03  4.07380278e+03  0.00000000e+00  4.07380278e+03 -1.97907369e+01  4.07380278e+03 -3.20702375e+00 
 4.12097519e+03  4.12097519e+03  0.00000000e+00  4.12097519e+03 -1.97909520e+01  4.12097519e+03 -3.24411841e+00 
 4.16869383e+03  4.16869383e+03  0.00000000e+00  4.16869383e+03 -1.97911721e+01  4.16869383e+03 -3.28164117e+00 
 4.21696503e+03  4.21696503e+03  0.00000000e+00  4.21696503e+03 -1.97913973e+01  4.21696503e+03 -3.31959695e+00 
 4.26579519e+03  4.26579519e+03  0.00000000e+00  4.26579519e+03 -1.97916278e+01  4.26579519e+03 -3.35799069e+00 
 4.31519077e+03  4.31519077e+03  0.00000000e+00  4.31519077e+03 -1.97918636e+01  4.31519077e+03 -3.39682741e+00 
 4.36515832e+03  4.36515832e+03  0.00000000e+00  4.36515832e+03 -1.97921049e+01  4.36515832e+03 -3.43611220e+00 
 4.41570447e+03  4.41570447e+03  0.00000000e+00  4.41570447e+03 -1.97923518e+01  4.41570447e+03 -3.47585018e+00 
 4.46683592e+03  4.46683592e+03  0.00000000e+00  4.46683592e+03 -1.97926044e+01  4.46683592e+03 -3.51604654e+00 
 4.51855944e+03  4.51855944e+03  0.00000000e+00  4.51855944e+03 -1.97928629e+01  4.51855944e+03 -3.55670652e+00 
 4.57088190e+03  4.57088190e+03  0.00000000e+00  4.57088190e+03 -1.97931275e+01  4.57088190e+03 -3.59783543e+00 
 4.62381021e+03  4.62381021e+03  0.00000000e+00  4.62381021e+03 -1.97933981e+01  4.62381021e+03 -3.63943863e+00 
 4.67735141e+03  4.67735141e+03  0.00000000e+00  4.67735141e+03 -1.97936751e+01  4.67735141e+03 -3.68152156e+00 
 4.73151259e+03  4.73151259e+03  0.00000000e+00  4.73151259e+03 -1.97939585e+01  4.73151259e+03 -3.72408968e+00 
 4.78630092e+03  4.78630092e+03  0.00000000e+00  4.78630092e+03 -1.97942485e+01  4.78630092e+03 -3.76714854e+00 
 4.84172368e+03  4.84172368e+03  0.00000000e+00  4.84172368e+03 -1.97945452e+01  4.84172368e+03 -3.81070376e+00 
 4.89778819e+03  4.89778819e+03  0.00000000e+00  4.89778819e+03 -1.97948488e+01  4.89778819e+03 -3.85476100e+00 
 4.95450191e+03  4.95450191e+03  0.00000000e+00  4.95450191e+03 -1.97951595e+01  4.95450191e+03 -3.89932599e+00 
 5.01187234e+03  5.01187234e+03  0.00000000e+00  5.01187234e+03 -1.97954773e+01  5.01187234e+03 -3.94440453e+00 
 5.06990708e+03  5.06990708e+03  0.00000000e+00  5.06990708e+03 -1.97958026e+01  5.06990708e+03 -3.99000248e+00 
 5.12861384e+03  5.12861384e+03  0.00000000e+00  5.12861384e+03 -1.97961354e+01  5.12861384e+03 -4.03612576e+00 
 5.18800039e+03  5.18800039e+03  0.00000000e+00  5.18800039e+03 -1.97964759e+01  5.18800039e+03 -4.08278036e+00 
 5.24807460e+03  5.24807460e+03  0.00000000e+00  5.24807460e+03 -1.97968244e+01  5.24807460e+03 -4.12997234e+00 
 5.30884444e+03  5.30884444e+03  0.00000000e+00  5.30884444e+03 -1.97971809e+01  5.30884444e+03 -4.17770782e+00 
 5.37031796e+03  5.37031796e+03  0.00000000e+00  5.37031796e+03 -1.97975458e+01  5.37031796e+03 -4.22599298e+00 
 5.43250331e+03  5.43250331e+03  0.00000000e+00  5.43250331e+03 -1.97979190e+01  5.43250331e+03 -4.27483409e+00 
 5.49540874e+03  5.49540874e+03  0.00000000e+00  5.49540874e+03 -1.97983010e+01  5.49540874e+03 -4.32423748e+00 
 5.55904257e+03  5.55904257e+03  0.00000000e+00  5.55904257e+03 -1.97986918e+01  5.55904257e+03 -4.37420954e+00 
 5.62341325e+03  5.62341325e+03  0.00000000e+00  5.62341325e+03 -1.97990917e+01  5.62341325e+03 -4.42475674e+00 
 5.68852931e+03  5.68852931e+03  0.00000000e+00  5.68852931e+03 -1.97995009e+01  5.68852931e+03 -4.47588561e+00 
 5.75439937e+03  5.75439937e+03  0.00000000e+00  5.75439937e+03 -1.97999195e+01  5.75439937e+03 -4.52760276e+00 
 5.82103218e+03  5.82103218e+03  0.00000000e+00  5.82103218e+03 -1.98003479e+01  5.82103218e+03 -4.57991487e+00 
 5.88843655e+03  5.88843655e+03  0.00000000e+00  5.88843655e+03 -1.98007862e+01  5.88843655e+03 -4.63282870e+00 
 5.95662144e+03  5.95662144e+03  0.00000000e+00  5.95662144e+03 -1.98012347e+01  5.95662144e+03 -4.68635107e+00 
 6.02559586e+03  6.02559586e+03  0.00000000e+00  6.02559586e+03 -1.98016936e+01  6.02559586e+03 -4.74048888e+00 
 6.09536897e+03  6.09536897e+03  0.00000000e+00  6.09536897e+03 -1.98021632e+01  6.09536897e+03 -4.79524911e+00 
 6.16595002e+03  6.16595002e+03  0.00000000e+00  6.16595002e+03 -1.98026436e+01  6.16595002e+03 -4.85063882e+00 
 6.23734835e+03  6.23734835e+03  0.00000000e+00  6.23734835e+03 -1.98031352e+01  6.23734835e+03 -4.90666512e+00 
 6.30957344e+03  6.30957344e+03  0.00000000e+00  6.30957344e+03 -1.98036381e+01  6.30957344e+03 -4.96333522e+00 
 6.38263486e+03  6.38263486e+03  0.00000000e+00  6.38263486e+03 -1.98041528e+01  6.38263486e+03 -5.02065640e+00 
 6.45654229e+03  6.45654229e+03  0.00000000e+00  6.45654229e+03 -1.98046793e+01  6.45654229e+03 -5.07863603e+00 
 6.53130553e+03  6.53130553e+03  0.00000000e+00  6.53130553e+03 -1.98052181e+01  6.53130553e+03 -5.13728155e+00 
 6.60693448e+03  6.60693448e+03  0.00000000e+00  6.60693448e+03 -1.98057694e+01  6.60693448e+03 -5.19660046e+00 
 6.68343918e+03  6.68343918e+03  0.00000000e+00  6.68343918e+03 -1.98063334e+01  6.68343918e+03 -5.25660038e+00 
 6.76082975e+03  6.76082975e+03  0.00000000e+00  6.76082975e+03 -1.98069105e+01  6.76082975e+03 -5.31728898e+00 
 6.83911647e+03  6.83911647e+03  0.00000000e+00  6.83911647e+03 -1.98075010e+01  6.83911647e+03 -5.37867402e+00 
 6.91830971e+03  6.91830971e+03  0.00000000e+00  6.91830971e+03 -1.98081051e+01  6.91830971e+03 -5.44076335e+00 
 6.99841996e+03  6.99841996e+03  0.00000000e+00  6.99841996e+03 -1.98087233e+01  6.99841996e+03 -5.50356490e+00 
 7.07945784e+03  7.07945784e+03  0.00000000e+00  7.07945784e+03 -1.98093557e+01  7.07945784e+03 -5.56708668e+00 
 7.16143410e+03  7.16143410e+03  0.00000000e+00  7.16143410e+03 -1.98100029e+01  7.16143410e+03 -5.63133678e+00 
 7.24435960e+03  7.24435960e+03  0.00000000e+00  7.24435960e+03 -1.98106650e+01  7.24435960e+03 -5.69632339e+00 
 7.32824533e+03  7.32824533e+03  0.00000000e+00  7.32824533e+03 -1.98113424e+01  7.32824533e+03 -5.76205478e+00 
 7.41310241e+03  7.41310241e+03  0.00000000e+00  7.41310241e+03 -1.98120355e+01  7.41310241e+03 -5.82853930e+00 
 7.49894209e+03  7.49894209e+03  0.00000000e+00  7.49894209e+03 -1.98127447e+01  7.49894209e+03 -5.89578539e+00 
 7.58577575e+03  7.58577575e+03  0.00000000e+00  7.58577575e+03 -1.98134702e+01  7.58577575e+03 -5.96380158e+00 
 7.67361489e+03  7.67361489e+03  0.00000000e+00  7.67361489e+03 -1.98142126e+01  7.67361489e+03 -6.03259649e+00 
 7.76247117e+03  7.76247117e+03  0.00000000e+00  7.76247117e+03 -1.98149721e+01  7.76247117e+03 -6.10217884e+00 
 7.85235635e+03  7.85235635e+03  0.00000000e+00  7.85235635e+03 -1.98157492e+01  7.85235635e+03 -6.17255741e+00 
 7.94328235e+03  7.94328235e+03  0.00000000e+00  7.94328235e+03 -1.98165443e+01  7.94328235e+03 -6.24374109e+00 
 8.03526122e+03  8.03526122e+03  0.00000000e+00  8.03526122e+03 -1.98173578e+01  8.03526122e+03 -6.31573888e+00 
 8.12830516e+03  8.12830516e+03  0.00000000e+00  8.12830516e+03 -1.98181900e+01  8.12830516e+03 -6.38855984e+00 
 8.22242650e+03  8.22242650e+03  0.00000000e+00  8.22242650e+03 -1.98190415e+01  8.22242650e+03 -6.46221313e+00 
 8.31763771e+03  8.31763771e+03  0.00000000e+00  8.31763771e+03 -1.98199127e+01  8.31763771e+03 -6.53670803e+00 
 8.41395142e+03  8.41395142e+03  0.00000000e+00  8.41395142e+03 -1.98208041e+01  8.41395142e+03 -6.61205387e+00 
 8.51138038e+03  8.51138038e+03  0.00000000e+00  8.51138038e+03 -1.98217160e+01  8.51138038e+03 -6.68826011e+00 
 8.60993752e+03  8.60993752e+03  0.00000000e+00  8.60993752e+03 -1.98226489e+01  8.60993752e+03 -6.76533630e+00 
 8.70963590e+03  8.70963590e+03  0.00000000e+00  8.70963590e+03 -1.98236035e+01  8.70963590e+03 -6.84329206e+00 
 8.81048873e+03  8.81048873e+03  0.00000000e+00  8.81048873e+03 -1.98245800e+01  8.81048873e+03 -6.92213715e+00 
 8.91250938e+03  8.91250938e+03  0.00000000e+00  8.91250938e+03 -1.98255792e+01  8.91250938e+03 -7.00188139e+00 
 9.01571138e+03  9.01571138e+03  0.00000000e+00  9.01571138e+03 -1.98266013e+01  9.01571138e+03 -7.08253471e+00 
 9.12010839e+03  9.12010839e+03  0.00000000e+00  9.12010839e+03 -1.98276471e+01  9.12010839e+03 -7.16410715e+00 
 9.22571427e+03  9.22571427e+03  0.00000000e+00  9.22571427e+03 -1.98287170e+01  9.22571427e+03 -7.24660883e+00 
 9.33254301e+03  9.33254301e+03  0.00000000e+00  9.33254301e+03 -1.98298116e+01  9.33254301e+03 -7.33004999e+00 
 9.44060876e+03  9.44060876e+03  0.00000000e+00  9.44060876e+03 -1.98309314e+01  9.44060876e+03 -7.41444095e+00 
 9.54992586e+03  9.54992586e+03  0.00000000e+00  9.54992586e+03 -1.98320770e+01  9.54992586e+03 -7.49979214e+00 
 9.66050879e+03  9.66050879e+03  0.00000000e+00  9.66050879e+03 -1.98332490e+01  9.66050879e+03 -7.58611409e+00 
 9.77237221e+03  9.77237221e+03  0.00000000e+00  9.77237221e+03 -1.98344481e+01  9.77237221e+03 -7.67341744e+00 
 9.88553095e+03  9.88553095e+03  0.00000000e+00  9.88553095e+03 -1.98356748e+01  9.88553095e+03 -7.76171293e+00 
 1.00000000e+04  1.00000000e+04  0.00000000e+00  1.00000000e+04 -1.98369297e+01  1.00000000e+04 -7.85101138e+00 
 1.01157945e+04  1.01157945e+04  0.00000000e+00  1.01157945e+04 -1.98382135e+01  1.01157945e+04 -7.94132375e+00 
 1.02329299e+04  1.02329299e+04  0.00000000e+00  1.02329299e+04 -1.98395269e+01  1.02329299e+04 -8.03266107e+00 
 1.03514217e+04  1.03514217e+04  0.00000000e+00  1.03514217e+04 -1.98408705e+01  1.03514217e+04 -8.12503450e+00 
 1.04712855e+04  1.04712855e+04  0.00000000e+00  1.04712855e+04 -1.98422450e+01  1.04712855e+04 -8.21845529e+00 
 1.05925373e+04  1.05925373e+04  0.00000000e+00  1.05925373e+04 -1.98436512e+01  1.05925373e+04 -8.31293480e+00 
 1.07151931e+04  1.07151931e+04  0.00000000e+00  1.07151931e+04 -1.98450897e+01  1.07151931e+04 -8.40848448e+00 
 1.08392691e+04  1.08392691e+04  0.00000000e+00  1.08392691e+04 -1.98465612e+01  1.08392691e+04 -8.50511592e+00 
 1.09647820e+04  1.09647820e+04  0.00000000e+00  1.09647820e+04 -1.98480666e+01  1.09647820e+04 -8.60284079e+00 
 1.10917482e+04  1.10917482e+04  0.00000000e+00  1.10917482e+04 -1.98496065e+01  1.10917482e+04 -8.70167086e+00 
 1.12201845e+04  1.12201845e+04  0.00000000e+00  1.12201845e+04 -1.98511819e+01  1.12201845e+04 -8.80161804e+00 
 1.13501082e+04  1.13501082e+04  0.00000000e+00  1.13501082e+04 -1.98527933e+01  1.13501082e+04 -8.90269430e+00 
 1.14815362e+04  1.14815362e+04  0.00000000e+00  1.14815362e+04 -1.98544418e+01  1.14815362e+04 -9.00491175e+00 
 1.16144861e+04  1.16144861e+04  0.00000000e+00  1.16144861e+04 -1.98561281e+01  1.16144861e+04 -9.10828261e+00 
 1.17489755e+04  1.17489755e+04  0.00000000e+00  1.17489755e+04 -1.98578531e+01  1.17489755e+04 -9.21281919e+00 
 1.18850223e+04  1.18850223e+04  0.00000000e+00  1.18850223e+04 -1.98596176e+01  1.18850223e+04 -9.31853391e+00 
 1.20226443e+04  1.20226443e+04  0.00000000e+00  1.20226443e+04 -1.98614226e+01  1.20226443e+04 -9.42543931e+00 
 1.21618600e+04  1.21618600e+04  0.00000000e+00  1.21618600e+04 -1.98632689e+01  1.21618600e+04 -9.53354801e+00 
 1.23026877e+04  1.23026877e+04  0.00000000e+00  1.23026877e+04 -1.98651575e+01  1.23026877e+04 -9.64287277e+00 
 1.24451461e+04  1.24451461e+04  0.00000000e+00  1.24451461e+04 -1.98670894e+01  1.24451461e+04 -9.75342645e+00 
 1.25892541e+04  1.25892541e+04  0.00000000e+00  1.25892541e+04 -1.98690654e+01  1.25892541e+04 -9.86522200e+00 
 1.27350308e+04  1.27350308e+04  0.00000000e+00  1.27350308e+04 -1.98710867e+01  1.27350308e+04 -9.97827249e+00 
 1.28824955e+04  1.28824955e+04  0.00000000e+00  1.28824955e+04 -1.98731542e+01  1.28824955e+04 -1.00925911e+01 
 1.30316678e+04  1.30316678e+04  0.00000000e+00  1.30316678e+04 -1.98752689e+01  1.30316678e+04 -1.02081911e+01 
 1.31825674e+04  1.31825674e+04  0.00000000e+00  1.31825674e+04 -1.98774320e+01  1.31825674e+04 -1.03250859e+01 
 1.33352143e+04  1.33352143e+04  0.00000000e+00  1.33352143e+04 -1.98796444e+01  1.33352143e+04 -1.04432890e+01 
 1.34896288e+04  1.34896288e+04  0.00000000e+00  1.34896288e+04 -1.98819074e+01  1.34896288e+04 -1.05628139e+01 
 1.36458314e+04  1.36458314e+04  0.00000000e+00  1.36458314e+04 -1.98842219e+01  1.36458314e+04 -1.06836745e+01 
 1.38038426e+04  1.38038426e+04  0.00000000e+00  1.38038426e+04 -1.98865893e+01  1.38038426e+04 -1.08058845e+01 
 1.39636836e+04  1.39636836e+04  0.00000000e+00  1.39636836e+04 -1.98890106e+01  1.39636836e+04 -1.09294578e+01 
 1.41253754e+04  1.41253754e+04  0.00000000e+00  1.41253754e+04 -1.98914871e+01  1.41253754e+04 -1.10544084e+01 
 1.42889396e+04  1.42889396e+04  0.00000000e+00  1.42889396e+04 -1.98940200e+01  1.42889396e+04 -1.11807505e+01 
 1.44543977e+04  1.44543977e+04  0.00000000e+00  1.44543977e+04 -1.98966105e+01  1.44543977e+04 -1.13084983e+01 
 1.46217717e+04  1.46217717e+04  0.00000000e+00  1.46217717e+04 -1.98992599e+01  1.46217717e+04 -1.14376661e+01 
 1.47910839e+04  1.47910839e+04  0.00000000e+00  1.47910839e+04 -1.99019696e+01  1.47910839e+04 -1.15682684e+01 
 1.49623566e+04  1.49623566e+04  0.00000000e+00  1.49623566e+04 -1.99047408e+01  1.49623566e+04 -1.17003197e+01 
 1.51356125e+04  1.51356125e+04  0.00000000e+00  1.51356125e+04 -1.99075750e+01  1.51356125e+04 -1.18338346e+01 
 1.53108746e+04  1.53108746e+04  0.00000000e+00  1.53108746e+04 -1.99104734e+01  1.53108746e+04 -1.19688278e+01 
 1.54881662e+04  1.54881662e+04  0.00000000e+00  1.54881662e+04 -1.99134377e+01  1.54881662e+04 -1.21053143e+01 
 1.56675107e+04  1.56675107e+04  0.00000000e+00  1.56675107e+04 -1.99164691e+01  1.56675107e+04 -1.22433088e+01 
 1.58489319e+04  1.58489319e+04  0.00000000e+00  1.58489319e+04 -1.99195692e+01  1.58489319e+04 -1.23828264e+01 
 1.60324539e+04  1.60324539e+04  0.00000000e+00  1.60324539e+04 -1.99227394e+01  1.60324539e+04 -1.25238823e+01 
 1.62181010e+04  1.62181010e+04  0.00000000e+00  1.62181010e+04 -1.99259814e+01  1.62181010e+04 -1.26664916e+01 
 1.64058977e+04  1.64058977e+04  0.00000000e+00  1.64058977e+04 -1.99292967e+01  1.64058977e+04 -1.28106696e+01 
 1.65958691e+04  1.65958691e+04  0.00000000e+00  1.65958691e+04 -1.99326869e+01  1.65958691e+04 -1.29564318e+01 
 1.67880402e+04  1.67880402e+04  0.00000000e+00  1.67880402e+04 -1.99361537e+01  1.67880402e+04 -1.31037935e+01 
 1.69824365e+04  1.69824365e+04  0.00000000e+00  1.69824365e+04 -1.99396986e+01  1.69824365e+04 -1.32527703e+01 
 1.71790839e+04  1.71790839e+04  0.00000000e+00  1.71790839e+04 -1.99433235e+01  1.71790839e+04 -1.34033779e+01 
 1.73780083e+04  1.73780083e+04  0.00000000e+00  1.73780083e+04 -1.99470300e+01  1.73780083e+04 -1.35556320e+01 
 1.75792361e+04  1.75792361e+04  0.00000000e+00  1.75792361e+04 -1.99508200e+01  1.75792361e+04 -1.37095484e+01 
 1.77827941e+04  1.77827941e+04  0.00000000e+00  1.77827941e+04 -1.99546952e+01  1.77827941e+04 -1.38651429e+01 
 1.79887092e+04  1.79887092e+04  0.00000000e+00  1.79887092e+04 -1.99586576e+01  1.79887092e+04 -1.40224316e+01 
 1.81970086e+04  1.81970086e+04  0.00000000e+00  1.81970086e+04 -1.99627089e+01  1.81970086e+04 -1.41814304e+01 
 1.84077200e+04  1.84077200e+04  0.00000000e+00  1.84077200e+04 -1.99668511e+01  1.84077200e+04 -1.43421555e+01 
 1.86208714e+04  1.86208714e+04  0.00000000e+00  1.86208714e+04 -1.99710862e+01  1.86208714e+04 -1.45046229e+01 
 1.88364909e+04  1.88364909e+04  0.00000000e+00  1.88364909e+04 -1.99754162e+01  1.88364909e+04 -1.46688490e+01 
 1.90546072e+04  1.90546072e+04  0.00000000e+00  1.90546072e+04 -1.99798430e+01  1.90546072e+04 -1.48348499e+01 
 1.92752491e+04  1.92752491e+04  0.00000000e+00  1.92752491e+04 -1.99843689e+01  1.92752491e+04 -1.50026421e+01 
 1.94984460e+04  1.94984460e+04  0.00000000e+00  1.94984460e+04 -1.99889958e+01  1.94984460e+04 -1.51722420e+01 
 1.97242274e+04  1.97242274e+04  0.00000000e+00  1.97242274e+04 -1.99937261e+01  1.97242274e+04 -1.53436660e+01 
 1.99526231e+04  1.99526231e+04  0.00000000e+00  1.99526231e+04 -1.99985618e+01  1.99526231e+04 -1.55169306e+01 
 2.01836636e+04  2.01836636e+04  0.00000000e+00  2.01836636e+04 -2.00035052e+01  2.01836636e+04 -1.56920524e+01 
 2.04173794e+04  2.04173794e+04  0.00000000e+00  2.04173794e+04 -2.00085586e+01  2.04173794e+04 -1.58690478e+01 
 2.06538016e+04  2.06538016e+04  0.00000000e+00  2.06538016e+04 -2.00137243e+01  2.06538016e+04 -1.60479337e+01 
 2.08929613e+04  2.08929613e+04  0.00000000e+00  2.08929613e+04 -2.00190048e+01  2.08929613e+04 -1.62287266e+01 
 2.11348904e+04  2.11348904e+04  0.00000000e+00  2.11348904e+04 -2.00244024e+01  2.11348904e+04 -1.64114432e+01 
 2.13796209e+04  2.13796209e+04  0.00000000e+00  2.13796209e+04 -2.00299196e+01  2.13796209e+04 -1.65961002e+01 
 2.16271852e+04  2.16271852e+04  0.00000000e+00  2.16271852e+04 -2.00355589e+01  2.16271852e+04 -1.67827144e+01 
 2.18776162e+04  2.18776162e+04  0.00000000e+00  2.18776162e+04 -2.00413228e+01  2.18776162e+04 -1.69713025e+01 
 2.21309471e+04  2.21309471e+04  0.00000000e+00  2.21309471e+04 -2.00472141e+01  2.21309471e+04 -1.71618812e+01 
 2.23872114e+04  2.23872114e+04  0.00000000e+00  2.23872114e+04 -2.00532352e+01  2.23872114e+04 -1.73544674e+01 
 2.26464431e+04  2.26464431e+04  0.00000000e+00  2.26464431e+04 -2.00593890e+01  2.26464431e+04 -1.75490778e+01 
 2.29086765e+04  2.29086765e+04  0.00000000e+00  2.29086765e+04 -2.00656782e+01  2.29086765e+04 -1.77457291e+01 
 2.31739465e+04  2.31739465e+04  0.00000000e+00  2.31739465e+04 -2.00721055e+01  2.31739465e+04 -1.79444382e+01 
 2.34422882e+04  2.34422882e+04  0.00000000e+00  2.34422882e+04 -2.00786739e+01  2.34422882e+04 -1.81452216e+01 
 2.37137371e+04  2.37137371e+04  0.00000000e+00  2.37137371e+04 -2.00853862e+01  2.37137371e+04 -1.83480963e+01 
 2.39883292e+04  2.39883292e+04  0.00000000e+00  2.39883292e+04 -2.00922454e+01  2.39883292e+04 -1.85530788e+01 
 2.42661010e+04  2.42661010e+04  0.00000000e+00  2.42661010e+04 -2.00992545e+01  2.42661010e+04 -1.87601858e+01 
 2.45470892e+04  2.45470892e+04  0.00000000e+00  2.45470892e+04 -2.01064166e+01  2.45470892e+04 -1.89694339e+01 
 2.48313311e+04  2.48313311e+04  0.00000000e+00  2.48313311e+04 -2.01137346e+01  2.48313311e+04 -1.91808397e+01 
 2.51188643e+04  2.51188643e+04  0.00000000e+00  2.51188643e+04 -2.01212120e+01  2.51188643e+04 -1.93944197e+01 
 2.54097271e+04  2.54097271e+04  0.00000000e+00  2.54097271e+04 -2.01288517e+01  2.54097271e+04 -1.96101903e+01 
 2.57039578e+04  2.57039578e+04  0.00000000e+00  2.57039578e+04 -2.01366572e+01  2.57039578e+04 -1.98281680e+01 
 2.60015956e+04  2.60015956e+04  0.00000000e+00  2.60015956e+04 -2.01446317e+01  2.60015956e+04 -2.00483690e+01 
 2.63026799e+04  2.63026799e+04  0.00000000e+00  2.63026799e+04 -2.01527786e+01  2.63026799e+04 -2.02708096e+01 
 2.66072506e+04  2.66072506e+04  0.00000000e+00  2.66072506e+04 -2.01611013e+01  2.66072506e+04 -2.04955058e+01 
 2.69153480e+04  2.69153480e+04  0.00000000e+00  2.69153480e+04 -2.01696035e+01  2.69153480e+04 -2.07224739e+01 
 2.72270131e+04  2.72270131e+04  0.00000000e+00  2.72270131e+04 -2.01782884e+01  2.72270131e+04 -2.09517296e+01 
 2.75422870e+04  2.75422870e+04  0.00000000e+00  2.75422870e+04 -2.01871599e+01  2.75422870e+04 -2.11832888e+01 
 2.78612117e+04  2.78612117e+04  0.00000000e+00  2.78612117e+04 -2.01962216e+01  2.78612117e+04 -2.14171672e+01 
 2.81838293e+04  2.81838293e+04  0.00000000e+00  2.81838293e+04 -2.02054771e+01  2.81838293e+04 -2.16533804e+01 
 2.85101827e+04  2.85101827e+04  0.00000000e+00  2.85101827e+04 -2.02149303e+01  2.85101827e+04 -2.18919438e+01 
 2.88403150e+04  2.88403150e+04  0.00000000e+00  2.88403150e+04 -2.02245850e+01  2.88403150e+04 -2.21328727e+01 
 2.91742701e+04  2.91742701e+04  0.00000000e+00  2.91742701e+04 -2.02344451e+01  2.91742701e+04 -2.23761821e+01 
 2.95120923e+04  2.95120923e+04  0.00000000e+00  2.95120923e+04 -2.02445144e+01  2.95120923e+04 -2.26218871e+01 
 2.98538262e+04  2.98538262e+04  0.00000000e+00  2.98538262e+04 -2.02547972e+01  2.98538262e+04 -2.28700024e+01 
 3.01995172e+04  3.01995172e+04  0.00000000e+00  3.01995172e+04 -2.02652973e+01  3.01995172e+04 -2.31205425e+01 
 3.05492111e+04  3.05492111e+04  0.00000000e+00  3.05492111e+04 -2.02760190e+01  3.05492111e+04 -2.33735220e+01 
 3.09029543e+04  3.09029543e+04  0.00000000e+00  3.09029543e+04 -2.02869664e+01  3.09029543e+04 -2.36289549e+01 
 3.12607937e+04  3.12607937e+04  0.00000000e+00  3.12607937e+04 -2.02981438e+01  3.12607937e+04 -2.38868552e+01 
 3.16227766e+04  3.16227766e+04  0.00000000e+00  3.16227766e+04 -2.03095555e+01  3.16227766e+04 -2.41472367e+01 
 3.19889511e+04  3.19889511e+04  0.00000000e+00  3.19889511e+04 -2.03212058e+01  3.19889511e+04 -2.44101128e+01 
 3.23593657e+04  3.23593657e+04  0.00000000e+00  3.23593657e+04 -2.03330991e+01  3.23593657e+04 -2.46754968e+01 
 3.27340695e+04  3.27340695e+04  0.00000000e+00  3.27340695e+04 -2.03452399e+01  3.27340695e+04 -2.49434017e+01 
 3.31131121e+04  3.31131121e+04  0.00000000e+00  3.31131121e+04 -2.03576328e+01  3.31131121e+04 -2.52138401e+01 
 3.34965439e+04  3.34965439e+04  0.00000000e+00  3.34965439e+04 -2.03702824e+01  3.34965439e+04 -2.54868246e+01 
 3.38844156e+04  3.38844156e+04  0.00000000e+00  3.38844156e+04 -2.03831933e+01  3.38844156e+04 -2.57623672e+01 
 3.42767787e+04  3.42767787e+04  0.00000000e+00  3.42767787e+04 -2.03963702e+01  3.42767787e+04 -2.60404798e+01 
 3.46736850e+04  3.46736850e+04  0.00000000e+00  3.46736850e+04 -2.04098179e+01  3.46736850e+04 -2.63211739e+01 
 3.50751874e+04  3.50751874e+04  0.00000000e+00  3.50751874e+04 -2.04235411e+01  3.50751874e+04 -2.66044606e+01 
 3.54813389e+04  3.54813389e+04  0.00000000e+00  3.54813389e+04 -2.04375449e+01  3.54813389e+04 -2.68903509e+01 
 3.58921935e+04  3.58921935e+04  0.00000000e+00  3.58921935e+04 -2.04518340e+01  3.58921935e+04 -2.71788551e+01 
 3.63078055e+04  3.63078055e+04  0.00000000e+00  3.63078055e+04 -2.04664135e+01  3.63078055e+04 -2.74699835e+01 
 3.67282300e+04  3.67282300e+04  0.00000000e+00  3.67282300e+04 -2.04812885e+01  3.67282300e+04 -2.77637457e+01 
 3.71535229e+04  3.71535229e+04  0.00000000e+00  3.71535229e+04 -2.04964640e+01  3.71535229e+04 -2.80601512e+01 
 3.75837404e+04  3.75837404e+04  0.00000000e+00  3.75837404e+04 -2.05119452e+01  3.75837404e+04 -2.83592089e+01 
 3.80189396e+04  3.80189396e+04  0.00000000e+00  3.80189396e+04 -2.05277372e+01  3.80189396e+04 -2.86609272e+01 
 3.84591782e+04  3.84591782e+04  0.00000000e+00  3.84591782e+04 -2.05438453e+01  3.84591782e+04 -2.89653145e+01 
 3.89045145e+04  3.89045145e+04  0.00000000e+00  3.89045145e+04 -2.05602749e+01  3.89045145e+04 -2.92723782e+01 
 3.93550075e+04  3.93550075e+04  0.00000000e+00  3.93550075e+04 -2.05770312e+01  3.93550075e+04 -2.95821258e+01 
 3.98107171e+04  3.98107171e+04  0.00000000e+00  3.98107171e+04 -2.05941197e+01  3.98107171e+04 -2.98945638e+01 
 4.02717034e+04  4.02717034e+04  0.00000000e+00  4.02717034e+04 -2.06115457e+01  4.02717034e+04 -3.02096988e+01 
 4.07380278e+04  4.07380278e+04  0.00000000e+00  4.07380278e+04 -2.06293148e+01  4.07380278e+04 -3.05275364e+01 
 4.12097519e+04  4.12097519e+04  0.00000000e+00  4.12097519e+04 -2.06474325e+01  4.12097519e+04 -3.08480819e+01 
 4.16869383e+04  4.16869383e+04  0.00000000e+00  4.16869383e+04 -2.06659044e+01  4.16869383e+04 -3.11713403e+01 
 4.21696503e+04  4.21696503e+04  0.00000000e+00  4.21696503e+04 -2.06847361e+01  4.21696503e+04 -3.14973158e+01 
 4.26579519e+04  4.26579519e+04  0.00000000e+00  4.26579519e+04 -2.07039331e+01  4.26579519e+04 -3.18260121e+01 
 4.31519077e+04  4.31519077e+04  0.00000000e+00  4.31519077e+04 -2.07235013e+01  4.31519077e+04 -3.21574325e+01 
 4.36515832e+04  4.36515832e+04  0.00000000e+00  4.36515832e+04 -2.07434463e+01  4.36515832e+04 -3.24915796e+01 
 4.41570447e+04  4.41570447e+04  0.00000000e+00  4.41570447e+04 -2.07637739e+01  4.41570447e+04 -3.28284556e+01 
 4.46683592e+04  4.46683592e+04  0.00000000e+00  4.46683592e+04 -2.07844898e+01  4.46683592e+04 -3.31680620e+01 
 4.51855944e+04  4.51855944e+04  0.00000000e+00  4.51855944e+04 -2.08056000e+01  4.51855944e+04 -3.35103996e+01 
 4.57088190e+04  4.57088190e+04  0.00000000e+00  4.57088190e+04 -2.08271101e+01  4.57088190e+04 -3.38554690e+01 
 4.62381021e+04  4.62381021e+04  0.00000000e+00  4.62381021e+04 -2.08490262e+01  4.62381021e+04 -3.42032698e+01 
 4.67735141e+04  4.67735141e+04  0.00000000e+00  4.67735141e+04 -2.08713541e+01  4.67735141e+04 -3.45538011e+01 
 4.73151259e+04  4.73151259e+04  0.00000000e+00  4.73151259e+04 -2.08940996e+01  4.73151259e+04 -3.49070616e+01 
 4.78630092e+04  4.78630092e+04  0.00000000e+00  4.78630092e+04 -2.09172689e+01  4.78630092e+04 -3.52630489e+01 
 4.84172368e+04  4.84172368e+04  0.00000000e+00  4.84172368e+04 -2.09408677e+01  4.84172368e+04 -3.56217605e+01 
 4.89778819e+04  4.89778819e+04  0.00000000e+00  4.89778819e+04 -2.09649021e+01  4.89778819e+04 -3.59831928e+01 
 4.95450191e+04  4.95450191e+04  0.00000000e+00  4.95450191e+04 -2.09893780e+01  4.95450191e+04 -3.63473419e+01 
 5.01187234e+04  5.01187234e+04  0.00000000e+00  5.01187234e+04 -2.10143015e+01  5.01187234e+04 -3.67142030e+01 
 5.06990708e+04  5.06990708e+04  0.00000000e+00  5.06990708e+04 -2.10396785e+01  5.06990708e+04 -3.70837707e+01 
 5.12861384e+04  5.12861384e+04  0.00000000e+00  5.12861384e+04 -2.10655150e+01  5.12861384e+04 -3.74560389e+01 
 5.18800039e+04  5.18800039e+04  0.00000000e+00  5.18800039e+04 -2.10918170e+01  5.18800039e+04 -3.78310010e+01 
 5.24807460e+04  5.24807460e+04  0.00000000e+00  5.24807460e+04 -2.11185906e+01  5.24807460e+04 -3.82086495e+01 
 5.30884444e+04  5.30884444e+04  0.00000000e+00  5.30884444e+04 -2.11458417e+01  5.30884444e+04 -3.85889762e+01 
 5.37031796e+04  5.37031796e+04  0.00000000e+00  5.37031796e+04 -2.11735764e+01  5.37031796e+04 -3.89719724e+01 
 5.43250331e+04  5.43250331e+04  0.00000000e+00  5.43250331e+04 -2.12018005e+01  5.43250331e+04 -3.93576286e+01 
 5.49540874e+04  5.49540874e+04  0.00000000e+00  5.49540874e+04 -2.12305202e+01  5.49540874e+04 -3.97459346e+01 
 5.55904257e+04  5.55904257e+04  0.00000000e+00  5.55904257e+04 -2.12597412e+01  5.55904257e+04 -4.01368794e+01 
 5.62341325e+04  5.62341325e+04  0.00000000e+00  5.62341325e+04 -2.12894696e+01  5.62341325e+04 -4.05304516e+01 
 5.68852931e+04  5.68852931e+04  0.00000000e+00  5.68852931e+04 -2.13197112e+01  5.68852931e+04 -4.09266387e+01 
 5.75439937e+04  5.75439937e+04  0.00000000e+00  5.75439937e+04 -2.13504721e+01  5.75439937e+04 -4.13254278e+01 
 5.82103218e+04  5.82103218e+04  0.00000000e+00  5.82103218e+04 -2.13817579e+01  5.82103218e+04 -4.17268053e+01 
 5.88843655e+04  5.88843655e+04  0.00000000e+00  5.88843655e+04 -2.14135746e+01  5.88843655e+04 -4.21307566e+01 
 5.95662144e+04  5.95662144e+04  0.00000000e+00  5.95662144e+04 -2.14459279e+01  5.95662144e+04 -4.25372668e+01 
 6.02559586e+04  6.02559586e+04  0.00000000e+00  6.02559586e+04 -2.14788236e+01  6.02559586e+04 -4.29463201e+01 
 6.09536897e+04  6.09536897e+04  0.00000000e+00  6.09536897e+04 -2.15122674e+01  6.09536897e+04 -4.33579000e+01 
 6.16595002e+04  6.16595002e+04  0.00000000e+00  6.16595002e+04 -2.15462651e+01  6.16595002e+04 -4.37719893e+01 
 6.23734835e+04  6.23734835e+04  0.00000000e+00  6.23734835e+04 -2.15808221e+01  6.23734835e+04 -4.41885703e+01 
 6.30957344e+04  6.30957344e+04  0.00000000e+00  6.30957344e+04 -2.16159441e+01  6.30957344e+04 -4.46076244e+01 
 6.38263486e+04  6.38263486e+04  0.00000000e+00  6.38263486e+04 -2.16516367e+01  6.38263486e+04 -4.50291326e+01 
 6.45654229e+04  6.45654229e+04  0.00000000e+00  6.45654229e+04 -2.16879052e+01  6.45654229e+04 -4.54530750e+01 
 6.53130553e+04  6.53130553e+04  0.00000000e+00  6.53130553e+04 -2.17247552e+01  6.53130553e+04 -4.58794311e+01 
 6.60693448e+04  6.60693448e+04  0.00000000e+00  6.60693448e+04 -2.17621919e+01  6.60693448e+04 -4.63081799e+01 
 6.68343918e+04  6.68343918e+04  0.00000000e+00  6.68343918e+04 -2.18002206e+01  6.68343918e+04 -4.67392997e+01 
 6.76082975e+04  6.76082975e+04  0.00000000e+00  6.76082975e+04 -2.18388466e+01  6.76082975e+04 -4.71727682e+01 
 6.83911647e+04  6.83911647e+04  0.00000000e+00  6.83911647e+04 -2.18780750e+01  6.83911647e+04 -4.76085624e+01 
 6.91830971e+04  6.91830971e+04  0.00000000e+00  6.91830971e+04 -2.19179109e+01  6.91830971e+04 -4.80466588e+01 
 6.99841996e+04  6.99841996e+04  0.00000000e+00  6.99841996e+04 -2.19583593e+01  6.99841996e+04 -4.84870334e+01 
 7.07945784e+04  7.07945784e+04  0.00000000e+00  7.07945784e+04 -2.19994250e+01  7.07945784e+04 -4.89296614e+01 
 7.16143410e+04  7.16143410e+04  0.00000000e+00  7.16143410e+04 -2.20411130e+01  7.16143410e+04 -4.93745178e+01 
 7.24435960e+04  7.24435960e+04  0.00000000e+00  7.24435960e+04 -2.20834280e+01  7.24435960e+04 -4.98215768e+01 
 7.32824533e+04  7.32824533e+04  0.00000000e+00  7.32824533e+04 -2.21263747e+01  7.32824533e+04 -5.02708121e+01 
 7.41310241e+04  7.41310241e+04  0.00000000e+00  7.41310241e+04 -2.21699576e+01  7.41310241e+04 -5.07221971e+01 
 7.49894209e+04  7.49894209e+04  0.00000000e+00  7.49894209e+04 -2.22141812e+01  7.49894209e+04 -5.11757045e+01 
 7.58577575e+04  7.58577575e+04  0.00000000e+00  7.58577575e+04 -2.22590500e+01  7.58577575e+04 -5.16313067e+01 
 7.67361489e+04  7.67361489e+04  0.00000000e+00  7.67361489e+04 -2.23045682e+01  7.67361489e+04 -5.20889755e+01 
 7.76247117e+04  7.76247117e+04  0.00000000e+00  7.76247117e+04 -2.23507401e+01  7.76247117e+04 -5.25486825e+01 
 7.85235635e+04  7.85235635e+04  0.00000000e+00  7.85235635e+04 -2.23975698e+01  7.85235635e+04 -5.30103986e+01 
 7.94328235e+04  7.94328235e+04  0.00000000e+00  7.94328235e+04 -2.24450612e+01  7.94328235e+04 -5.34740947e+01 
 8.03526122e+04  8.03526122e+04  0.00000000e+00  8.03526122e+04 -2.24932184e+01  8.03526122e+04 -5.39397409e+01 
 8.12830516e+04  8.12830516e+04  0.00000000e+00  8.12830516e+04 -2.25420450e+01  8.12830516e+04 -5.44073074e+01 
 8.22242650e+04  8.22242650e+04  0.00000000e+00  8.22242650e+04 -2.25915449e+01  8.22242650e+04 -5.48767638e+01 
 8.31763771e+04  8.31763771e+04  0.00000000e+00  8.31763771e+04 -2.26417215e+01  8.31763771e+04 -5.53480794e+01 
 8.41395142e+04  8.41395142e+04  0.00000000e+00  8.41395142e+04 -2.26925785e+01  8.41395142e+04 -5.58212234e+01 
 8.51138038e+04  8.51138038e+04  0.00000000e+00  8.51138038e+04 -2.27441192e+01  8.51138038e+04 -5.62961646e+01 
 8.60993752e+04  8.60993752e+04  0.00000000e+00  8.60993752e+04 -2.27963468e+01  8.60993752e+04 -5.67728717e+01 
 8.70963590e+04  8.70963590e+04  0.00000000e+00  8.70963590e+04 -2.28492646e+01  8.70963590e+04 -5.72513131e+01 
 8.81048873e+04  8.81048873e+04  0.00000000e+00  8.81048873e+04 -2.29028757e+01  8.81048873e+04 -5.77314570e+01 
 8.91250938e+04  8.91250938e+04  0.00000000e+00  8.91250938e+04 -2.29571829e+01  8.91250938e+04 -5.82132716e+01 
 9.01571138e+04  9.01571138e+04  0.00000000e+00  9.01571138e+04 -2.30121891e+01  9.01571138e+04 -5.86967247e+01 
 9.12010839e+04  9.12010839e+04  0.00000000e+00  9.12010839e+04 -2.30678971e+01  9.12010839e+04 -5.91817842e+01 
 9.22571427e+04  9.22571427e+04  0.00000000e+00  9.22571427e+04 -2.31243096e+01  9.22571427e+04 -5.96684180e+01 
 9.33254301e+04  9.33254301e+04  0.00000000e+00  9.33254301e+04 -2.31814289e+01  9.33254301e+04 -6.01565935e+01 
 9.44060876e+04  9.44060876e+04  0.00000000e+00  9.44060876e+04 -2.32392577e+01  9.44060876e+04 -6.06462786e+01 
 9.54992586e+04  9.54992586e+04  0.00000000e+00  9.54992586e+04 -2.32977981e+01  9.54992586e+04 -6.11374408e+01 
 9.66050879e+04  9.66050879e+04  0.00000000e+00  9.66050879e+04 -2.33570524e+01  9.66050879e+04 -6.16300477e+01 
 9.77237221e+04  9.77237221e+04  0.00000000e+00  9.77237221e+04 -2.34170228e+01  9.77237221e+04 -6.21240671e+01 
 9.88553095e+04  9.88553095e+04  0.00000000e+00  9.88553095e+04 -2.34777111e+01  9.88553095e+04 -6.26194665e+01 
 1.00000000e+05  1.00000000e+05  0.00000000e+00  1.00000000e+05 -2.35391193e+01  1.00000000e+05 -6.31162137e+01 
 1.01157945e+05  1.01157945e+05  0.00000000e+00  1.01157945e+05 -2.36012493e+01  1.01157945e+05 -6.36142766e+01 
 1.02329299e+05  1.02329299e+05  0.00000000e+00  1.02329299e+05 -2.36641026e+01  1.02329299e+05 -6.41136232e+01 
 1.03514217e+05  1.03514217e+05  0.00000000e+00  1.03514217e+05 -2.37276810e+01  1.03514217e+05 -6.46142214e+01 
 1.04712855e+05  1.04712855e+05  0.00000000e+00  1.04712855e+05 -2.37919859e+01  1.04712855e+05 -6.51160396e+01 
 1.05925373e+05  1.05925373e+05  0.00000000e+00  1.05925373e+05 -2.38570188e+01  1.05925373e+05 -6.56190460e+01 
 1.07151931e+05  1.07151931e+05  0.00000000e+00  1.07151931e+05 -2.39227810e+01  1.07151931e+05 -6.61232093e+01 
 1.08392691e+05  1.08392691e+05  0.00000000e+00  1.08392691e+05 -2.39892736e+01  1.08392691e+05 -6.66284982e+01 
 1.09647820e+05  1.09647820e+05  0.00000000e+00  1.09647820e+05 -2.40564980e+01  1.09647820e+05 -6.71348816e+01 
 1.10917482e+05  1.10917482e+05  0.00000000e+00  1.10917482e+05 -2.41244551e+01  1.10917482e+05 -6.76423288e+01 
 1.12201845e+05  1.12201845e+05  0.00000000e+00  1.12201845e+05 -2.41931459e+01  1.12201845e+05 -6.81508092e+01 
 1.13501082e+05  1.13501082e+05  0.00000000e+00  1.13501082e+05 -2.42625713e+01  1.13501082e+05 -6.86602925e+01 
 1.14815362e+05  1.14815362e+05  0.00000000e+00  1.14815362e+05 -2.43327322e+01  1.14815362e+05 -6.91707486e+01 
 1.16144861e+05  1.16144861e+05  0.00000000e+00  1.16144861e+05 -2.44036294e+01  1.16144861e+05 -6.96821478e+01 
 1.17489755e+05  1.17489755e+05  0.00000000e+00  1.17489755e+05 -2.44752634e+01  1.17489755e+05 -7.01944606e+01 
 1.18850223e+05  1.18850223e+05  0.00000000e+00  1.18850223e+05 -2.45476349e+01  1.18850223e+05 -7.07076579e+01 
 1.20226443e+05  1.20226443e+05  0.00000000e+00  1.20226443e+05 -2.46207445e+01  1.20226443e+05 -7.12217107e+01 
 1.21618600e+05  1.21618600e+05  0.00000000e+00  1.21618600e+05 -2.46945927e+01  1.21618600e+05 -7.17365906e+01 
 1.23026877e+05  1.23026877e+05  0.00000000e+00  1.23026877e+05 -2.47691799e+01  1.23026877e+05 -7.22522693e+01 
 1.24451461e+05  1.24451461e+05  0.00000000e+00  1.24451461e+05 -2.48445064e+01  1.24451461e+05 -7.27687190e+01 
 1.25892541e+05  1.25892541e+05  0.00000000e+00  1.25892541e+05 -2.49205726e+01  1.25892541e+05 -7.32859120e+01 
 1.27350308e+05  1.27350308e+05  0.00000000e+00  1.27350308e+05 -2.49973788e+01  1.27350308e+05 -7.38038212e+01 
 1.28824955e+05  1.28824955e+05  0.00000000e+00  1.28824955e+05 -2.50749251e+01  1.28824955e+05 -7.43224197e+01 
 1.30316678e+05  1.30316678e+05  0.00000000e+00  1.30316678e+05 -2.51532118e+01  1.30316678e+05 -7.48416810e+01 
 1.31825674e+05  1.31825674e+05  0.00000000e+00  1.31825674e+05 -2.52322390e+01  1.31825674e+05 -7.53615788e+01 
 1.33352143e+05  1.33352143e+05  0.00000000e+00  1.33352143e+05 -2.53120067e+01  1.33352143e+05 -7.58820874e+01 
 1.34896288e+05  1.34896288e+05  0.00000000e+00  1.34896288e+05 -2.53925151e+01  1.34896288e+05 -7.64031813e+01 
 1.36458314e+05  1.36458314e+05  0.00000000e+00  1.36458314e+05 -2.54737642e+01  1.36458314e+05 -7.69248353e+01 
 1.38038426e+05  1.38038426e+05  0.00000000e+00  1.38038426e+05 -2.55557540e+01  1.38038426e+05 -7.74470245e+01 
 1.39636836e+05  1.39636836e+05  0.00000000e+00  1.39636836e+05 -2.56384844e+01  1.39636836e+05 -7.79697246e+01 
 1.41253754e+05  1.41253754e+05  0.00000000e+00  1.41253754e+05 -2.57219555e+01  1.41253754e+05 -7.84929113e+01 
 1.42889396e+05  1.42889396e+05  0.00000000e+00  1.42889396e+05 -2.58061670e+01  1.42889396e+05 -7.90165608e+01 
 1.44543977e+05  1.44543977e+05  0.00000000e+00  1.44543977e+05 -2.58911191e+01  1.44543977e+05 -7.95406497e+01 
 1.46217717e+05  1.46217717e+05  0.00000000e+00  1.46217717e+05 -2.59768115e+01  1.46217717e+05 -8.00651546e+01 
 1.47910839e+05  1.47910839e+05  0.00000000e+00  1.47910839e+05 -2.60632441e+01  1.47910839e+05 -8.05900527e+01 
 1.49623566e+05  1.49623566e+05  0.00000000e+00  1.49623566e+05 -2.61504169e+01  1.49623566e+05 -8.11153214e+01 
 1.51356125e+05  1.51356125e+05  0.00000000e+00  1.51356125e+05 -2.62383297e+01  1.51356125e+05 -8.16409383e+01 
 1.53108746e+05  1.53108746e+05  0.00000000e+00  1.53108746e+05 -2.63269823e+01  1.53108746e+05 -8.21668814e+01 
 1.54881662e+05  1.54881662e+05  0.00000000e+00  1.54881662e+05 -2.64163746e+01  1.54881662e+05 -8.26931288e+01 
 1.56675107e+05  1.56675107e+05  0.00000000e+00  1.56675107e+05 -2.65065065e+01  1.56675107e+05 -8.32196589e+01 
 1.58489319e+05  1.58489319e+05  0.00000000e+00  1.58489319e+05 -2.65973778e+01  1.58489319e+05 -8.37464505e+01 
 1.60324539e+05  1.60324539e+05  0.00000000e+00  1.60324539e+05 -2.66889884e+01  1.60324539e+05 -8.42734824e+01 
 1.62181010e+05  1.62181010e+05  0.00000000e+00  1.62181010e+05 -2.67813382e+01  1.62181010e+05 -8.48007337e+01 
 1.64058977e+05  1.64058977e+05  0.00000000e+00  1.64058977e+05 -2.68744270e+01  1.64058977e+05 -8.53281836e+01 
 1.65958691e+05  1.65958691e+05  0.00000000e+00  1.65958691e+05 -2.69682547e+01  1.65958691e+05 -8.58558116e+01 
 1.67880402e+05  1.67880402e+05  0.00000000e+00  1.67880402e+05 -2.70628213e+01  1.67880402e+05 -8.63835972e+01 
 1.69824365e+05  1.69824365e+05  0.00000000e+00  1.69824365e+05 -2.71581265e+01  1.69824365e+05 -8.69115202e+01 
 1.71790839e+05  1.71790839e+05  0.00000000e+00  1.71790839e+05 -2.72541704e+01  1.71790839e+05 -8.74395605e+01 
 1.73780083e+05  1.73780083e+05  0.00000000e+00  1.73780083e+05 -2.73509528e+01  1.73780083e+05 -8.79676979e+01 
 1.75792361e+05  1.75792361e+05  0.00000000e+00  1.75792361e+05 -2.74484737e+01  1.75792361e+05 -8.84959125e+01 
 1.77827941e+05  1.77827941e+05  0.00000000e+00  1.77827941e+05 -2.75467331e+01  1.77827941e+05 -8.90241845e+01 
 1.79887092e+05  1.79887092e+05  0.00000000e+00  1.79887092e+05 -2.76457308e+01  1.79887092e+05 -8.95524940e+01 
 1.81970086e+05  1.81970086e+05  0.00000000e+00  1.81970086e+05 -2.77454669e+01  1.81970086e+05 -9.00808212e+01 
 1.84077200e+05  1.84077200e+05  0.00000000e+00  1.84077200e+05 -2.78459414e+01  1.84077200e+05 -9.06091463e+01 
 1.86208714e+05  1.86208714e+05  0.00000000e+00  1.86208714e+05 -2.79471543e+01  1.86208714e+05 -9.11374495e+01 
 1.88364909e+05  1.88364909e+05  0.00000000e+00  1.88364909e+05 -2.80491055e+01  1.88364909e+05 -9.16657110e+01 
 1.90546072e+05  1.90546072e+05  0.00000000e+00  1.90546072e+05 -2.81517952e+01  1.90546072e+05 -9.21939109e+01 
 1.92752491e+05  1.92752491e+05  0.00000000e+00  1.92752491e+05 -2.82552235e+01  1.92752491e+05 -9.27220294e+01 
 1.94984460e+05  1.94984460e+05  0.00000000e+00  1.94984460e+05 -2.83593902e+01  1.94984460e+05 -9.32500465e+01 
 1.97242274e+05  1.97242274e+05  0.00000000e+00  1.97242274e+05 -2.84642957e+01  1.97242274e+05 -9.37779420e+01 
 1.99526231e+05  1.99526231e+05  0.00000000e+00  1.99526231e+05 -2.85699398e+01  1.99526231e+05 -9.43056958e+01 
 2.01836636e+05  2.01836636e+05  0.00000000e+00  2.01836636e+05 -2.86763228e+01  2.01836636e+05 -9.48332877e+01 
 2.04173794e+05  2.04173794e+05  0.00000000e+00  2.04173794e+05 -2.87834448e+01  2.04173794e+05 -9.53606971e+01 
 2.06538016e+05  2.06538016e+05  0.00000000e+00  2.06538016e+05 -2.88913058e+01  2.06538016e+05 -9.58879034e+01 
 2.08929613e+05  2.08929613e+05  0.00000000e+00  2.08929613e+05 -2.89999060e+01  2.08929613e+05 -9.64148858e+01 
 2.11348904e+05  2.11348904e+05  0.00000000e+00  2.11348904e+05 -2.91092456e+01  2.11348904e+05 -9.69416235e+01 
 2.13796209e+05  2.13796209e+05  0.00000000e+00  2.13796209e+05 -2.92193246e+01  2.13796209e+05 -9.74680951e+01 
 2.16271852e+05  2.16271852e+05  0.00000000e+00  2.16271852e+05 -2.93301433e+01  2.16271852e+05 -9.79942793e+01 
 2.18776162e+05  2.18776162e+05  0.00000000e+00  2.18776162e+05 -2.94417016e+01  2.18776162e+05 -9.85201544e+01 
 2.21309471e+05  2.21309471e+05  0.00000000e+00  2.21309471e+05 -2.95539999e+01  2.21309471e+05 -9.90456985e+01 
 2.23872114e+05  2.23872114e+05  0.00000000e+00  2.23872114e+05 -2.96670382e+01  2.23872114e+05 -9.95708896e+01 
 2.26464431e+05  2.26464431e+05  0.00000000e+00  2.26464431e+05 -2.97808167e+01  2.26464431e+05 -1.00095705e+02 
 2.29086765e+05  2.29086765e+05  0.00000000e+00  2.29086765e+05 -2.98953355e+01  2.29086765e+05 -1.00620123e+02 
 2.31739465e+05  2.31739465e+05  0.00000000e+00  2.31739465e+05 -3.00105946e+01  2.31739465e+05 -1.01144119e+02 
 2.34422882e+05  2.34422882e+05  0.00000000e+00  2.34422882e+05 -3.01265942e+01  2.34422882e+05 -1.01667670e+02 
 2.37137371e+05  2.37137371e+05  0.00000000e+00  2.37137371e+05 -3.02433344e+01  2.37137371e+05 -1.02190754e+02 
 2.39883292e+05  2.39883292e+05  0.00000000e+00  2.39883292e+05 -3.03608152e+01  2.39883292e+05 -1.02713346e+02 
 2.42661010e+05  2.42661010e+05  0.00000000e+00  2.42661010e+05 -3.04790367e+01  2.42661010e+05 -1.03235421e+02 
 2.45470892e+05  2.45470892e+05  0.00000000e+00  2.45470892e+05 -3.05979988e+01  2.45470892e+05 -1.03756956e+02 
 2.48313311e+05  2.48313311e+05  0.00000000e+00  2.48313311e+05 -3.07177017e+01  2.48313311e+05 -1.04277924e+02 
 2.51188643e+05  2.51188643e+05  0.00000000e+00  2.51188643e+05 -3.08381452e+01  2.51188643e+05 -1.04798302e+02 
 2.54097271e+05  2.54097271e+05  0.00000000e+00  2.54097271e+05 -3.09593292e+01  2.54097271e+05 -1.05318064e+02 
 2.57039578e+05  2.57039578e+05  0.00000000e+00  2.57039578e+05 -3.10812537e+01  2.57039578e+05 -1.05837182e+02 
 2.60015956e+05  2.60015956e+05  0.00000000e+00  2.60015956e+05 -3.12039185e+01  2.60015956e+05 -1.06355632e+02 
 2.63026799e+05  2.63026799e+05  0.00000000e+00  2.63026799e+05 -3.13273234e+01  2.63026799e+05 -1.06873387e+02 
 2.66072506e+05  2.66072506e+05  0.00000000e+00  2.66072506e+05 -3.14514682e+01  2.66072506e+05 -1.07390419e+02 
 2.69153480e+05  2.69153480e+05  0.00000000e+00  2.69153480e+05 -3.15763526e+01  2.69153480e+05 -1.07906702e+02 
 2.72270131e+05  2.72270131e+05  0.00000000e+00  2.72270131e+05 -3.17019762e+01  2.72270131e+05 -1.08422207e+02 
 2.75422870e+05  2.75422870e+05  0.00000000e+00  2.75422870e+05 -3.18283387e+01  2.75422870e+05 -1.08936908e+02 
 2.78612117e+05  2.78612117e+05  0.00000000e+00  2.78612117e+05 -3.19554397e+01  2.78612117e+05 -1.09450774e+02 
 2.81838293e+05  2.81838293e+05  0.00000000e+00  2.81838293e+05 -3.20832785e+01  2.81838293e+05 -1.09963778e+02 
 2.85101827e+05  2.85101827e+05  0.00000000e+00  2.85101827e+05 -3.22118547e+01  2.85101827e+05 -1.10475892e+02 
 2.88403150e+05  2.88403150e+05  0.00000000e+00  2.88403150e+05 -3.23411677e+01  2.88403150e+05 -1.10987084e+02 
 2.91742701e+05  2.91742701e+05  0.00000000e+00  2.91742701e+05 -3.24712166e+01  2.91742701e+05 -1.11497327e+02 
 2.95120923e+05  2.95120923e+05  0.00000000e+00  2.95120923e+05 -3.26020008e+01  2.95120923e+05 -1.12006591e+02 
 2.98538262e+05  2.98538262e+05  0.00000000e+00  2.98538262e+05 -3.27335193e+01  2.98538262e+05 -1.12514844e+02 
 3.01995172e+05  3.01995172e+05  0.00000000e+00  3.01995172e+05 -3.28657713e+01  3.01995172e+05 -1.13022057e+02 
 3.05492111e+05  3.05492111e+05  0.00000000e+00  3.05492111e+05 -3.29987558e+01  3.05492111e+05 -1.13528199e+02 
 3.09029543e+05  3.09029543e+05  0.00000000e+00  3.09029543e+05 -3.31324716e+01  3.09029543e+05 -1.14033239e+02 
 3.12607937e+05  3.12607937e+05  0.00000000e+00  3.12607937e+05 -3.32669175e+01  3.12607937e+05 -1.14537147e+02 
 3.16227766e+05  3.16227766e+05  0.00000000e+00  3.16227766e+05 -3.34020924e+01  3.16227766e+05 -1.15039890e+02 
 3.19889511e+05  3.19889511e+05  0.00000000e+00  3.19889511e+05 -3.35379949e+01  3.19889511e+05 -1.15541438e+02 
 3.23593657e+05  3.23593657e+05  0.00000000e+00  3.23593657e+05 -3.36746234e+01  3.23593657e+05 -1.16041759e+02 
 3.27340695e+05  3.27340695e+05  0.00000000e+00  3.27340695e+05 -3.38119766e+01  3.27340695e+05 -1.16540820e+02 
 3.31131121e+05  3.31131121e+05  0.00000000e+00  3.31131121e+05 -3.39500526e+01  3.31131121e+05 -1.17038591e+02 
 3.34965439e+05  3.34965439e+05  0.00000000e+00  3.34965439e+05 -3.40888499e+01  3.34965439e+05 -1.17535038e+02 
 3.38844156e+05  3.38844156e+05  0.00000000e+00  3.38844156e+05 -3.42283665e+01  3.38844156e+05 -1.18030130e+02 
 3.42767787e+05  3.42767787e+05  0.00000000e+00  3.42767787e+05 -3.43686006e+01  3.42767787e+05 -1.18523834e+02 
 3.46736850e+05  3.46736850e+05  0.00000000e+00  3.46736850e+05 -3.45095502e+01  3.46736850e+05 -1.19016119e+02 
 3.50751874e+05  3.50751874e+05  0.00000000e+00  3.50751874e+05 -3.46512129e+01  3.50751874e+05 -1.19506952e+02 
 3.54813389e+05  3.54813389e+05  0.00000000e+00  3.54813389e+05 -3.47935867e+01  3.54813389e+05 -1.19996299e+02 
 3.58921935e+05  3.58921935e+05  0.00000000e+00  3.58921935e+05 -3.49366692e+01  3.58921935e+05 -1.20484130e+02 
 3.63078055e+05  3.63078055e+05  0.00000000e+00  3.63078055e+05 -3.50804580e+01  3.63078055e+05 -1.20970412e+02 
 3.67282300e+05  3.67282300e+05  0.00000000e+00  3.67282300e+05 -3.52249504e+01  3.67282300e+05 -1.21455112e+02 
 3.71535229e+05  3.71535229e+05  0.00000000e+00  3.71535229e+05 -3.53701438e+01  3.71535229e+05 -1.21938198e+02 
 3.75837404e+05  3.75837404e+05  0.00000000e+00  3.75837404e+05 -3.55160354e+01  3.75837404e+05 -1.22419639e+02 
 3.80189396e+05  3.80189396e+05  0.00000000e+00  3.80189396e+05 -3.56626224e+01  3.80189396e+05 -1.22899401e+02 
 3.84591782e+05  3.84591782e+05  0.00000000e+00  3.84591782e+05 -3.58099018e+01  3.84591782e+05 -1.23377454e+02 
 3.89045145e+05  3.89045145e+05  0.00000000e+00  3.89045145e+05 -3.59578704e+01  3.89045145e+05 -1.23853765e+02 
 3.93550075e+05  3.93550075e+05  0.00000000e+00  3.93550075e+05 -3.61065251e+01  3.93550075e+05 -1.24328304e+02 
 3.98107171e+05  3.98107171e+05  0.00000000e+00  3.98107171e+05 -3.62558625e+01  3.98107171e+05 -1.24801038e+02 
 4.02717034e+05  4.02717034e+05  0.00000000e+00  4.02717034e+05 -3.64058792e+01  4.02717034e+05 -1.25271937e+02 
 4.07380278e+05  4.07380278e+05  0.00000000e+00  4.07380278e+05 -3.65565717e+01  4.07380278e+05 -1.25740969e+02 
 4.12097519e+05  4.12097519e+05  0.00000000e+00  4.12097519e+05 -3.67079364e+01  4.12097519e+05 -1.26208105e+02 
 4.16869383e+05  4.16869383e+05  0.00000000e+00  4.16869383e+05 -3.68599695e+01  4.16869383e+05 -1.26673315e+02 
 4.21696503e+05  4.21696503e+05  0.00000000e+00  4.21696503e+05 -3.70126672e+01  4.21696503e+05 -1.27136567e+02 
 4.26579519e+05  4.26579519e+05  0.00000000e+00  4.26579519e+05 -3.71660256e+01  4.26579519e+05 -1.27597834e+02 
 4.31519077e+05  4.31519077e+05  0.00000000e+00  4.31519077e+05 -3.73200406e+01  4.31519077e+05 -1.28057085e+02 
 4.36515832e+05  4.36515832e+05  0.00000000e+00  4.36515832e+05 -3.74747080e+01  4.36515832e+05 -1.28514291e+02 
 4.41570447e+05  4.41570447e+05  0.00000000e+00  4.41570447e+05 -3.76300236e+01  4.41570447e+05 -1.28969425e+02 
 4.46683592e+05  4.46683592e+05  0.00000000e+00  4.46683592e+05 -3.77859832e+01  4.46683592e+05 -1.29422458e+02 
 4.51855944e+05  4.51855944e+05  0.00000000e+00  4.51855944e+05 -3.79425822e+01  4.51855944e+05 -1.29873363e+02 
 4.57088190e+05  4.57088190e+05  0.00000000e+00  4.57088190e+05 -3.80998162e+01  4.57088190e+05 -1.30322113e+02 
 4.62381021e+05  4.62381021e+05  0.00000000e+00  4.62381021e+05 -3.82576805e+01  4.62381021e+05 -1.30768681e+02 
 4.67735141e+05  4.67735141e+05  0.00000000e+00  4.67735141e+05 -3.84161704e+01  4.67735141e+05 -1.31213041e+02 
 4.73151259e+05  4.73151259e+05  0.00000000e+00  4.73151259e+05 -3.85752813e+01  4.73151259e+05 -1.31655168e+02 
 4.78630092e+05  4.78630092e+05  0.00000000e+00  4.78630092e+05 -3.87350081e+01  4.78630092e+05 -1.32095037e+02 
 4.84172368e+05  4.84172368e+05  0.00000000e+00  4.84172368e+05 -3.88953460e+01  4.84172368e+05 -1.32532622e+02 
 4.89778819e+05  4.89778819e+05  0.00000000e+00  4.89778819e+05 -3.90562899e+01  4.89778819e+05 -1.32967901e+02 
 4.95450191e+05  4.95450191e+05  0.00000000e+00  4.95450191e+05 -3.92178348e+01  4.95450191e+05 -1.33400850e+02 
 5.01187234e+05  5.01187234e+05  0.00000000e+00  5.01187234e+05 -3.93799754e+01  5.01187234e+05 -1.33831446e+02 
 5.06990708e+05  5.06990708e+05  0.00000000e+00  5.06990708e+05 -3.95427066e+01  5.06990708e+05 -1.34259666e+02 
 5.12861384e+05  5.12861384e+05  0.00000000e+00  5.12861384e+05 -3.97060230e+01  5.12861384e+05 -1.34685491e+02 
 5.18800039e+05  5.18800039e+05  0.00000000e+00  5.18800039e+05 -3.98699193e+01  5.18800039e+05 -1.35108898e+02 
 5.24807460e+05  5.24807460e+05  0.00000000e+00  5.24807460e+05 -4.00343900e+01  5.24807460e+05 -1.35529867e+02 
 5.30884444e+05  5.30884444e+05  0.00000000e+00  5.30884444e+05 -4.01994297e+01  5.30884444e+05 -1.35948379e+02 
 5.37031796e+05  5.37031796e+05  0.00000000e+00  5.37031796e+05 -4.03650328e+01  5.37031796e+05 -1.36364415e+02 
 5.43250331e+05  5.43250331e+05  0.00000000e+00  5.43250331e+05 -4.05311937e+01  5.43250331e+05 -1.36777957e+02 
 5.49540874e+05  5.49540874e+05  0.00000000e+00  5.49540874e+05 -4.06979068e+01  5.49540874e+05 -1.37188987e+02 
 5.55904257e+05  5.55904257e+05  0.00000000e+00  5.55904257e+05 -4.08651663e+01  5.55904257e+05 -1.37597488e+02 
 5.62341325e+05  5.62341325e+05  0.00000000e+00  5.62341325e+05 -4.10329666e+01  5.62341325e+05 -1.38003443e+02 
 5.68852931e+05  5.68852931e+05  0.00000000e+00  5.68852931e+05 -4.12013019e+01  5.68852931e+05 -1.38406838e+02 
 5.75439937e+05  5.75439937e+05  0.00000000e+00  5.75439937e+05 -4.13701664e+01  5.75439937e+05 -1.38807657e+02 
 5.82103218e+05  5.82103218e+05  0.00000000e+00  5.82103218e+05 -4.15395543e+01  5.82103218e+05 -1.39205887e+02 
 5.88843655e+05  5.88843655e+05  0.00000000e+00  5.88843655e+05 -4.17094596e+01  5.88843655e+05 -1.39601513e+02 
 5.95662144e+05  5.95662144e+05  0.00000000e+00  5.95662144e+05 -4.18798765e+01  5.95662144e+05 -1.39994523e+02 
 6.02559586e+05  6.02559586e+05  0.00000000e+00  6.02559586e+05 -4.20507991e+01  6.02559586e+05 -1.40384906e+02 
 6.09536897e+05  6.09536897e+05  0.00000000e+00  6.09536897e+05 -4.22222214e+01  6.09536897e+05 -1.40772648e+02 
 6.16595002e+05  6.16595002e+05  0.00000000e+00  6.16595002e+05 -4.23941375e+01  6.16595002e+05 -1.41157741e+02 
 6.23734835e+05  6.23734835e+05  0.00000000e+00  6.23734835e+05 -4.25665413e+01  6.23734835e+05 -1.41540174e+02 
 6.30957344e+05  6.30957344e+05  0.00000000e+00  6.30957344e+05 -4.27394270e+01  6.30957344e+05 -1.41919937e+02 
 6.38263486e+05  6.38263486e+05  0.00000000e+00  6.38263486e+05 -4.29127885e+01  6.38263486e+05 -1.42297022e+02 
 6.45654229e+05  6.45654229e+05  0.00000000e+00  6.45654229e+05 -4.30866198e+01  6.45654229e+05 -1.42671422e+02 
 6.53130553e+05  6.53130553e+05  0.00000000e+00  6.53130553e+05 -4.32609150e+01  6.53130553e+05 -1.43043128e+02 
 6.60693448e+05  6.60693448e+05  0.00000000e+00  6.60693448e+05 -4.34356679e+01  6.60693448e+05 -1.43412135e+02 
 6.68343918e+05  6.68343918e+05  0.00000000e+00  6.68343918e+05 -4.36108727e+01  6.68343918e+05 -1.43778437e+02 
 6.76082975e+05  6.76082975e+05  0.00000000e+00  6.76082975e+05 -4.37865233e+01  6.76082975e+05 -1.44142028e+02 
 6.83911647e+05  6.83911647e+05  0.00000000e+00  6.83911647e+05 -4.39626138e+01  6.83911647e+05 -1.44502903e+02 
 6.91830971e+05  6.91830971e+05  0.00000000e+00  6.91830971e+05 -4.41391381e+01  6.91830971e+05 -1.44861061e+02 
 6.99841996e+05  6.99841996e+05  0.00000000e+00  6.99841996e+05 -4.43160903e+01  6.99841996e+05 -1.45216495e+02 
 7.07945784e+05  7.07945784e+05  0.00000000e+00  7.07945784e+05 -4.44934645e+01  7.07945784e+05 -1.45569206e+02 
 7.16143410e+05  7.16143410e+05  0.00000000e+00  7.16143410e+05 -4.46712546e+01  7.16143410e+05 -1.45919190e+02 
 7.24435960e+05  7.24435960e+05  0.00000000e+00  7.24435960e+05 -4.48494549e+01  7.24435960e+05 -1.46266446e+02 
 7.32824533e+05  7.32824533e+05  0.00000000e+00  7.32824533e+05 -4.50280594e+01  7.32824533e+05 -1.46610973e+02 
 7.41310241e+05  7.41310241e+05  0.00000000e+00  7.41310241e+05 -4.52070623e+01  7.41310241e+05 -1.46952772e+02 
 7.49894209e+05  7.49894209e+05  0.00000000e+00  7.49894209e+05 -4.53864577e+01  7.49894209e+05 -1.47291843e+02 
 7.58577575e+05  7.58577575e+05  0.00000000e+00  7.58577575e+05 -4.55662398e+01  7.58577575e+05 -1.47628187e+02 
 7.67361489e+05  7.67361489e+05  0.00000000e+00  7.67361489e+05 -4.57464029e+01  7.67361489e+05 -1.47961806e+02 
 7.76247117e+05  7.76247117e+05  0.00000000e+00  7.76247117e+05 -4.59269411e+01  7.76247117e+05 -1.48292702e+02 
 7.85235635e+05  7.85235635e+05  0.00000000e+00  7.85235635e+05 -4.61078488e+01  7.85235635e+05 -1.48620879e+02 
 7.94328235e+05  7.94328235e+05  0.00000000e+00  7.94328235e+05 -4.62891204e+01  7.94328235e+05 -1.48946338e+02 
 8.03526122e+05  8.03526122e+05  0.00000000e+00  8.03526122e+05 -4.64707501e+01  8.03526122e+05 -1.49269086e+02 
 8.12830516e+05  8.12830516e+05  0.00000000e+00  8.12830516e+05 -4.66527323e+01  8.12830516e+05 -1.49589125e+02 
 8.22242650e+05  8.22242650e+05  0.00000000e+00  8.22242650e+05 -4.68350616e+01  8.22242650e+05 -1.49906461e+02 
 8.31763771e+05  8.31763771e+05  0.00000000e+00  8.31763771e+05 -4.70177324e+01  8.31763771e+05 -1.50221099e+02 
 8.41395142e+05  8.41395142e+05  0.00000000e+00  8.41395142e+05 -4.72007392e+01  8.41395142e+05 -1.50533046e+02 
 8.51138038e+05  8.51138038e+05  0.00000000e+00  8.51138038e+05 -4.73840766e+01  8.51138038e+05 -1.50842307e+02 
 8.60993752e+05  8.60993752e+05  0.00000000e+00  8.60993752e+05 -4.75677393e+01  8.60993752e+05 -1.51148891e+02 
 8.70963590e+05  8.70963590e+05  0.00000000e+00  8.70963590e+05 -4.77517218e+01  8.70963590e+05 -1.51452803e+02 
 8.81048873e+05  8.81048873e+05  0.00000000e+00  8.81048873e+05 -4.79360190e+01  8.81048873e+05 -1.51754053e+02 
 8.91250938e+05  8.91250938e+05  0.00000000e+00  8.91250938e+05 -4.81206255e+01  8.91250938e+05 -1.52052648e+02 
 9.01571138e+05  9.01571138e+05  0.00000000e+00  9.01571138e+05 -4.83055362e+01  9.01571138e+05 -1.52348597e+02 
 9.12010839e+05  9.12010839e+05  0.00000000e+00  9.12010839e+05 -4.84907460e+01  9.12010839e+05 -1.52641909e+02 
 9.22571427e+05  9.22571427e+05  0.00000000e+00  9.22571427e+05 -4.86762498e+01  9.22571427e+05 -1.52932594e+02 
 9.33254301e+05  9.33254301e+05  0.00000000e+00  9.33254301e+05 -4.88620425e+01  9.33254301e+05 -1.53220662e+02 
 9.44060876e+05  9.44060876e+05  0.00000000e+00  9.44060876e+05 -4.90481193e+01  9.44060876e+05 -1.53506122e+02 
 9.54992586e+05  9.54992586e+05  0.00000000e+00  9.54992586e+05 -4.92344751e+01  9.54992586e+05 -1.53788986e+02 
 9.66050879e+05  9.66050879e+05  0.00000000e+00  9.66050879e+05 -4.94211051e+01  9.66050879e+05 -1.54069264e+02 
 9.77237221e+05  9.77237221e+05  0.00000000e+00  9.77237221e+05 -4.96080046e+01  9.77237221e+05 -1.54346968e+02 
 9.88553095e+05  9.88553095e+05  0.00000000e+00  9.88553095e+05 -4.97951687e+01  9.88553095e+05 -1.54622109e+02 
 1.00000000e+06  1.00000000e+06  0.00000000e+00  1.00000000e+06 -4.99825928e+01  1.00000000e+06 -1.54894700e+02 
 1.01157945e+06  1.01157945e+06  0.00000000e+00  1.01157945e+06 -5.01702722e+01  1.01157945e+06 -1.55164752e+02 
 1.02329299e+06  1.02329299e+06  0.00000000e+00  1.02329299e+06 -5.03582024e+01  1.02329299e+06 -1.55432279e+02 
 1.03514217e+06  1.03514217e+06  0.00000000e+00  1.03514217e+06 -5.05463788e+01  1.03514217e+06 -1.55697292e+02 
 1.04712855e+06  1.04712855e+06  0.00000000e+00  1.04712855e+06 -5.07347970e+01  1.04712855e+06 -1.55959806e+02 
 1.05925373e+06  1.05925373e+06  0.00000000e+00  1.05925373e+06 -5.09234526e+01  1.05925373e+06 -1.56219833e+02 
 1.07151931e+06  1.07151931e+06  0.00000000e+00  1.07151931e+06 -5.11123412e+01  1.07151931e+06 -1.56477387e+02 
 1.08392691e+06  1.08392691e+06  0.00000000e+00  1.08392691e+06 -5.13014586e+01  1.08392691e+06 -1.56732483e+02 
 1.09647820e+06  1.09647820e+06  0.00000000e+00  1.09647820e+06 -5.14908005e+01  1.09647820e+06 -1.56985133e+02 
 1.10917482e+06  1.10917482e+06  0.00000000e+00  1.10917482e+06 -5.16803627e+01  1.10917482e+06 -1.57235352e+02 
 1.12201845e+06  1.12201845e+06  0.00000000e+00  1.12201845e+06 -5.18701412e+01  1.12201845e+06 -1.57483156e+02 
 1.13501082e+06  1.13501082e+06  0.00000000e+00  1.13501082e+06 -5.20601319e+01  1.13501082e+06 -1.57728558e+02 
 1.14815362e+06  1.14815362e+06  0.00000000e+00  1.14815362e+06 -5.22503308e+01  1.14815362e+06 -1.57971573e+02 
 1.16144861e+06  1.16144861e+06  0.00000000e+00  1.16144861e+06 -5.24407340e+01  1.16144861e+06 -1.58212216e+02 
 1.17489755e+06  1.17489755e+06  0.00000000e+00  1.17489755e+06 -5.26313375e+01  1.17489755e+06 -1.58450504e+02 
 1.18850223e+06  1.18850223e+06  0.00000000e+00  1.18850223e+06 -5.28221377e+01  1.18850223e+06 -1.58686450e+02 
 1.20226443e+06  1.20226443e+06  0.00000000e+00  1.20226443e+06 -5.30131306e+01  1.20226443e+06 -1.58920071e+02 
 1.21618600e+06  1.21618600e+06  0.00000000e+00  1.21618600e+06 -5.32043126e+01  1.21618600e+06 -1.59151381e+02 
 1.23026877e+06  1.23026877e+06  0.00000000e+00  1.23026877e+06 -5.33956801e+01  1.23026877e+06 -1.59380398e+02 
 1.24451461e+06  1.24451461e+06  0.00000000e+00  1.24451461e+06 -5.35872295e+01  1.24451461e+06 -1.59607137e+02 
 1.25892541e+06  1.25892541e+06  0.00000000e+00  1.25892541e+06 -5.37789572e+01  1.25892541e+06 -1.59831614e+02 
 1.27350308e+06  1.27350308e+06  0.00000000e+00  1.27350308e+06 -5.39708598e+01  1.27350308e+06 -1.60053844e+02 
 1.28824955e+06  1.28824955e+06  0.00000000e+00  1.28824955e+06 -5.41629338e+01  1.28824955e+06 -1.60273845e+02 
 1.30316678e+06  1.30316678e+06  0.00000000e+00  1.30316678e+06 -5.43551760e+01  1.30316678e+06 -1.60491633e+02 
 1.31825674e+06  1.31825674e+06  0.00000000e+00  1.31825674e+06 -5.45475828e+01  1.31825674e+06 -1.60707223e+02 
 1.33352143e+06  1.33352143e+06  0.00000000e+00  1.33352143e+06 -5.47401512e+01  1.33352143e+06 -1.60920633e+02 
 1.34896288e+06  1.34896288e+06  0.00000000e+00  1.34896288e+06 -5.49328779e+01  1.34896288e+06 -1.61131879e+02 
 1.36458314e+06  1.36458314e+06  0.00000000e+00  1.36458314e+06 -5.51257598e+01  1.36458314e+06 -1.61340977e+02 
 1.38038426e+06  1.38038426e+06  0.00000000e+00  1.38038426e+06 -5.53187937e+01  1.38038426e+06 -1.61547945e+02 
 1.39636836e+06  1.39636836e+06  0.00000000e+00  1.39636836e+06 -5.55119767e+01  1.39636836e+06 -1.61752798e+02 
 1.41253754e+06  1.41253754e+06  0.00000000e+00  1.41253754e+06 -5.57053057e+01  1.41253754e+06 -1.61955554e+02 
 1.42889396e+06  1.42889396e+06  0.00000000e+00  1.42889396e+06 -5.58987778e+01  1.42889396e+06 -1.62156229e+02 
 1.44543977e+06  1.44543977e+06  0.00000000e+00  1.44543977e+06 -5.60923901e+01  1.44543977e+06 -1.62354841e+02 
 1.46217717e+06  1.46217717e+06  0.00000000e+00  1.46217717e+06 -5.62861398e+01  1.46217717e+06 -1.62551405e+02 
 1.47910839e+06  1.47910839e+06  0.00000000e+00  1.47910839e+06 -5.64800241e+01  1.47910839e+06 -1.62745939e+02 
 1.49623566e+06  1.49623566e+06  0.00000000e+00  1.49623566e+06 -5.66740402e+01  1.49623566e+06 -1.62938460e+02 
 1.51356125e+06  1.51356125e+06  0.00000000e+00  1.51356125e+06 -5.68681855e+01  1.51356125e+06 -1.63128984e+02 
 1.53108746e+06  1.53108746e+06  0.00000000e+00  1.53108746e+06 -5.70624573e+01  1.53108746e+06 -1.63317528e+02 
 1.54881662e+06  1.54881662e+06  0.00000000e+00  1.54881662e+06 -5.72568530e+01  1.54881662e+06 -1.63504110e+02 
 1.56675107e+06  1.56675107e+06  0.00000000e+00  1.56675107e+06 -5.74513702e+01  1.56675107e+06 -1.63688745e+02 
 1.58489319e+06  1.58489319e+06  0.00000000e+00  1.58489319e+06 -5.76460062e+01  1.58489319e+06 -1.63871451e+02 
 1.60324539e+06  1.60324539e+06  0.00000000e+00  1.60324539e+06 -5.78407587e+01  1.60324539e+06 -1.64052244e+02 
 1.62181010e+06  1.62181010e+06  0.00000000e+00  1.62181010e+06 -5.80356251e+01  1.62181010e+06 -1.64231142e+02 
 1.64058977e+06  1.64058977e+06  0.00000000e+00  1.64058977e+06 -5.82306033e+01  1.64058977e+06 -1.64408161e+02 
 1.65958691e+06  1.65958691e+06  0.00000000e+00  1.65958691e+06 -5.84256908e+01  1.65958691e+06 -1.64583317e+02 
 1.67880402e+06  1.67880402e+06  0.00000000e+00  1.67880402e+06 -5.86208853e+01  1.67880402e+06 -1.64756627e+02 
 1.69824365e+06  1.69824365e+06  0.00000000e+00  1.69824365e+06 -5.88161847e+01  1.69824365e+06 -1.64928109e+02 
 1.71790839e+06  1.71790839e+06  0.00000000e+00  1.71790839e+06 -5.90115868e+01  1.71790839e+06 -1.65097778e+02 
 1.73780083e+06  1.73780083e+06  0.00000000e+00  1.73780083e+06 -5.92070893e+01  1.73780083e+06 -1.65265651e+02 
 1.75792361e+06  1.75792361e+06  0.00000000e+00  1.75792361e+06 -5.94026902e+01  1.75792361e+06 -1.65431744e+02 
 1.77827941e+06  1.77827941e+06  0.00000000e+00  1.77827941e+06 -5.95983875e+01  1.77827941e+06 -1.65596074e+02 
 1.79887092e+06  1.79887092e+06  0.00000000e+00  1.79887092e+06 -5.97941790e+01  1.79887092e+06 -1.65758657e+02 
 1.81970086e+06  1.81970086e+06  0.00000000e+00  1.81970086e+06 -5.99900629e+01  1.81970086e+06 -1.65919510e+02 
 1.84077200e+06  1.84077200e+06  0.00000000e+00  1.84077200e+06 -6.01860371e+01  1.84077200e+06 -1.66078649e+02 
 1.86208714e+06  1.86208714e+06  0.00000000e+00  1.86208714e+06 -6.03820997e+01  1.86208714e+06 -1.66236089e+02 
 1.88364909e+06  1.88364909e+06  0.00000000e+00  1.88364909e+06 -6.05782489e+01  1.88364909e+06 -1.66391847e+02 
 1.90546072e+06  1.90546072e+06  0.00000000e+00  1.90546072e+06 -6.07744828e+01  1.90546072e+06 -1.66545940e+02 
 1.92752491e+06  1.92752491e+06  0.00000000e+00  1.92752491e+06 -6.09707997e+01  1.92752491e+06 -1.66698382e+02 
 1.94984460e+06  1.94984460e+06  0.00000000e+00  1.94984460e+06 -6.11671977e+01  1.94984460e+06 -1.66849190e+02 
 1.97242274e+06  1.97242274e+06  0.00000000e+00  1.97242274e+06 -6.13636752e+01  1.97242274e+06 -1.66998379e+02 
 1.99526231e+06  1.99526231e+06  0.00000000e+00  1.99526231e+06 -6.15602304e+01  1.99526231e+06 -1.67145966e+02 
 2.01836636e+06  2.01836636e+06  0.00000000e+00  2.01836636e+06 -6.17568616e+01  2.01836636e+06 -1.67291966e+02 
 2.04173794e+06  2.04173794e+06  0.00000000e+00  2.04173794e+06 -6.19535673e+01  2.04173794e+06 -1.67436394e+02 
 2.06538016e+06  2.06538016e+06  0.00000000e+00  2.06538016e+06 -6.21503459e+01  2.06538016e+06 -1.67579266e+02 
 2.08929613e+06  2.08929613e+06  0.00000000e+00  2.08929613e+06 -6.23471957e+01  2.08929613e+06 -1.67720597e+02 
 2.11348904e+06  2.11348904e+06  0.00000000e+00  2.11348904e+06 -6.25441153e+01  2.11348904e+06 -1.67860403e+02 
 2.13796209e+06  2.13796209e+06  0.00000000e+00  2.13796209e+06 -6.27411031e+01  2.13796209e+06 -1.67998698e+02 
 2.16271852e+06  2.16271852e+06  0.00000000e+00  2.16271852e+06 -6.29381577e+01  2.16271852e+06 -1.68135499e+02 
 2.18776162e+06  2.18776162e+06  0.00000000e+00  2.18776162e+06 -6.31352776e+01  2.18776162e+06 -1.68270819e+02 
 2.21309471e+06  2.21309471e+06  0.00000000e+00  2.21309471e+06 -6.33324614e+01  2.21309471e+06 -1.68404673e+02 
 2.23872114e+06  2.23872114e+06  0.00000000e+00  2.23872114e+06 -6.35297078e+01  2.23872114e+06 -1.68537077e+02 
 2.26464431e+06  2.26464431e+06  0.00000000e+00  2.26464431e+06 -6.37270154e+01  2.26464431e+06 -1.68668046e+02 
 2.29086765e+06  2.29086765e+06  0.00000000e+00  2.29086765e+06 -6.39243828e+01  2.29086765e+06 -1.68797593e+02 
 2.31739465e+06  2.31739465e+06  0.00000000e+00  2.31739465e+06 -6.41218087e+01  2.31739465e+06 -1.68925733e+02 
 2.34422882e+06  2.34422882e+06  0.00000000e+00  2.34422882e+06 -6.43192920e+01  2.34422882e+06 -1.69052481e+02 
 2.37137371e+06  2.37137371e+06  0.00000000e+00  2.37137371e+06 -6.45168313e+01  2.37137371e+06 -1.69177851e+02 
 2.39883292e+06  2.39883292e+06  0.00000000e+00  2.39883292e+06 -6.47144254e+01  2.39883292e+06 -1.69301857e+02 
 2.42661010e+06  2.42661010e+06  0.00000000e+00  2.42661010e+06 -6.49120731e+01  2.42661010e+06 -1.69424514e+02 
 2.45470892e+06  2.45470892e+06  0.00000000e+00  2.45470892e+06 -6.51097732e+01  2.45470892e+06 -1.69545835e+02 
 2.48313311e+06  2.48313311e+06  0.00000000e+00  2.48313311e+06 -6.53075247e+01  2.48313311e+06 -1.69665834e+02 
 2.51188643e+06  2.51188643e+06  0.00000000e+00  2.51188643e+06 -6.55053263e+01  2.51188643e+06 -1.69784524e+02 
 2.54097271e+06  2.54097271e+06  0.00000000e+00  2.54097271e+06 -6.57031770e+01  2.54097271e+06 -1.69901921e+02 
 2.57039578e+06  2.57039578e+06  0.00000000e+00  2.57039578e+06 -6.59010758e+01  2.57039578e+06 -1.70018037e+02 
 2.60015956e+06  2.60015956e+06  0.00000000e+00  2.60015956e+06 -6.60990214e+01  2.60015956e+06 -1.70132886e+02 
 2.63026799e+06  2.63026799e+06  0.00000000e+00  2.63026799e+06 -6.62970131e+01  2.63026799e+06 -1.70246480e+02 
 2.66072506e+06  2.66072506e+06  0.00000000e+00  2.66072506e+06 -6.64950496e+01  2.66072506e+06 -1.70358834e+02 
 2.69153480e+06  2.69153480e+06  0.00000000e+00  2.69153480e+06 -6.66931300e+01  2.69153480e+06 -1.70469961e+02 
 2.72270131e+06  2.72270131e+06  0.00000000e+00  2.72270131e+06 -6.68912534e+01  2.72270131e+06 -1.70579873e+02 
 2.75422870e+06  2.75422870e+06  0.00000000e+00  2.75422870e+06 -6.70894189e+01  2.75422870e+06 -1.70688584e+02 
 2.78612117e+06  2.78612117e+06  0.00000000e+00  2.78612117e+06 -6.72876254e+01  2.78612117e+06 -1.70796106e+02 
 2.81838293e+06  2.81838293e+06  0.00000000e+00  2.81838293e+06 -6.74858721e+01  2.81838293e+06 -1.70902452e+02 
 2.85101827e+06  2.85101827e+06  0.00000000e+00  2.85101827e+06 -6.76841581e+01  2.85101827e+06 -1.71007635e+02 
 2.88403150e+06  2.88403150e+06  0.00000000e+00  2.88403150e+06 -6.78824825e+01  2.88403150e+06 -1.71111667e+02 
 2.91742701e+06  2.91742701e+06  0.00000000e+00  2.91742701e+06 -6.80808445e+01  2.91742701e+06 -1.71214561e+02 
 2.95120923e+06  2.95120923e+06  0.00000000e+00  2.95120923e+06 -6.82792432e+01  2.95120923e+06 -1.71316328e+02 
 2.98538262e+06  2.98538262e+06  0.00000000e+00  2.98538262e+06 -6.84776779e+01  2.98538262e+06 -1.71416982e+02 
 3.01995172e+06  3.01995172e+06  0.00000000e+00  3.01995172e+06 -6.86761477e+01  3.01995172e+06 -1.71516535e+02 
 3.05492111e+06  3.05492111e+06  0.00000000e+00  3.05492111e+06 -6.88746519e+01  3.05492111e+06 -1.71614997e+02 
 3.09029543e+06  3.09029543e+06  0.00000000e+00  3.09029543e+06 -6.90731897e+01  3.09029543e+06 -1.71712382e+02 
 3.12607937e+06  3.12607937e+06  0.00000000e+00  3.12607937e+06 -6.92717604e+01  3.12607937e+06 -1.71808700e+02 
 3.16227766e+06  3.16227766e+06  0.00000000e+00  3.16227766e+06 -6.94703631e+01  3.16227766e+06 -1.71903965e+02 
 3.19889511e+06  3.19889511e+06  0.00000000e+00  3.19889511e+06 -6.96689973e+01  3.19889511e+06 -1.71998186e+02 
 3.23593657e+06  3.23593657e+06  0.00000000e+00  3.23593657e+06 -6.98676622e+01  3.23593657e+06 -1.72091376e+02 
 3.27340695e+06  3.27340695e+06  0.00000000e+00  3.27340695e+06 -7.00663571e+01  3.27340695e+06 -1.72183546e+02 
 3.31131121e+06  3.31131121e+06  0.00000000e+00  3.31131121e+06 -7.02650814e+01  3.31131121e+06 -1.72274708e+02 
 3.34965439e+06  3.34965439e+06  0.00000000e+00  3.34965439e+06 -7.04638344e+01  3.34965439e+06 -1.72364872e+02 
 3.38844156e+06  3.38844156e+06  0.00000000e+00  3.38844156e+06 -7.06626154e+01  3.38844156e+06 -1.72454049e+02 
 3.42767787e+06  3.42767787e+06  0.00000000e+00  3.42767787e+06 -7.08614240e+01  3.42767787e+06 -1.72542252e+02 
 3.46736850e+06  3.46736850e+06  0.00000000e+00  3.46736850e+06 -7.10602593e+01  3.46736850e+06 -1.72629489e+02 
 3.50751874e+06  3.50751874e+06  0.00000000e+00  3.50751874e+06 -7.12591209e+01  3.50751874e+06 -1.72715773e+02 
 3.54813389e+06  3.54813389e+06  0.00000000e+00  3.54813389e+06 -7.14580081e+01  3.54813389e+06 -1.72801113e+02 
 3.58921935e+06  3.58921935e+06  0.00000000e+00  3.58921935e+06 -7.16569204e+01  3.58921935e+06 -1.72885521e+02 
 3.63078055e+06  3.63078055e+06  0.00000000e+00  3.63078055e+06 -7.18558572e+01  3.63078055e+06 -1.72969006e+02 
 3.67282300e+06  3.67282300e+06  0.00000000e+00  3.67282300e+06 -7.20548179e+01  3.67282300e+06 -1.73051580e+02 
 3.71535229e+06  3.71535229e+06  0.00000000e+00  3.71535229e+06 -7.22538021e+01  3.71535229e+06 -1.73133253e+02 
 3.75837404e+06  3.75837404e+06  0.00000000e+00  3.75837404e+06 -7.24528093e+01  3.75837404e+06 -1.73214034e+02 
 3.80189396e+06  3.80189396e+06  0.00000000e+00  3.80189396e+06 -7.26518388e+01  3.80189396e+06 -1.73293933e+02 
 3.84591782e+06  3.84591782e+06  0.00000000e+00  3.84591782e+06 -7.28508902e+01  3.84591782e+06 -1.73372962e+02 
 3.89045145e+06  3.89045145e+06  0.00000000e+00  3.89045145e+06 -7.30499630e+01  3.89045145e+06 -1.73451129e+02 
 3.93550075e+06  3.93550075e+06  0.00000000e+00  3.93550075e+06 -7.32490567e+01  3.93550075e+06 -1.73528444e+02 
 3.98107171e+06  3.98107171e+06  0.00000000e+00  3.98107171e+06 -7.34481709e+01  3.98107171e+06 -1.73604917e+02 
 4.02717034e+06  4.02717034e+06  0.00000000e+00  4.02717034e+06 -7.36473050e+01  4.02717034e+06 -1.73680558e+02 
 4.07380278e+06  4.07380278e+06  0.00000000e+00  4.07380278e+06 -7.38464588e+01  4.07380278e+06 -1.73755377e+02 
 4.12097519e+06  4.12097519e+06  0.00000000e+00  4.12097519e+06 -7.40456316e+01  4.12097519e+06 -1.73829381e+02 
 4.16869383e+06  4.16869383e+06  0.00000000e+00  4.16869383e+06 -7.42448231e+01  4.16869383e+06 -1.73902582e+02 
 4.21696503e+06  4.21696503e+06  0.00000000e+00  4.21696503e+06 -7.44440329e+01  4.21696503e+06 -1.73974988e+02 
 4.26579519e+06  4.26579519e+06  0.00000000e+00  4.26579519e+06 -7.46432605e+01  4.26579519e+06 -1.74046608e+02 
 4.31519077e+06  4.31519077e+06  0.00000000e+00  4.31519077e+06 -7.48425056e+01  4.31519077e+06 -1.74117452e+02 
 4.36515832e+06  4.36515832e+06  0.00000000e+00  4.36515832e+06 -7.50417677e+01  4.36515832e+06 -1.74187528e+02 
 4.41570447e+06  4.41570447e+06  0.00000000e+00  4.41570447e+06 -7.52410465e+01  4.41570447e+06 -1.74256845e+02 
 4.46683592e+06  4.46683592e+06  0.00000000e+00  4.46683592e+06 -7.54403416e+01  4.46683592e+06 -1.74325412e+02 
 4.51855944e+06  4.51855944e+06  0.00000000e+00  4.51855944e+06 -7.56396526e+01  4.51855944e+06 -1.74393238e+02 
 4.57088190e+06  4.57088190e+06  0.00000000e+00  4.57088190e+06 -7.58389792e+01  4.57088190e+06 -1.74460332e+02 
 4.62381021e+06  4.62381021e+06  0.00000000e+00  4.62381021e+06 -7.60383210e+01  4.62381021e+06 -1.74526701e+02 
 4.67735141e+06  4.67735141e+06  0.00000000e+00  4.67735141e+06 -7.62376777e+01  4.67735141e+06 -1.74592354e+02 
 4.73151259e+06  4.73151259e+06  0.00000000e+00  4.73151259e+06 -7.64370489e+01  4.73151259e+06 -1.74657301e+02 
 4.78630092e+06  4.78630092e+06  0.00000000e+00  4.78630092e+06 -7.66364344e+01  4.78630092e+06 -1.74721548e+02 
 4.84172368e+06  4.84172368e+06  0.00000000e+00  4.84172368e+06 -7.68358338e+01  4.84172368e+06 -1.74785104e+02 
 4.89778819e+06  4.89778819e+06  0.00000000e+00  4.89778819e+06 -7.70352467e+01  4.89778819e+06 -1.74847978e+02 
 4.95450191e+06  4.95450191e+06  0.00000000e+00  4.95450191e+06 -7.72346729e+01  4.95450191e+06 -1.74910177e+02 
 5.01187234e+06  5.01187234e+06  0.00000000e+00  5.01187234e+06 -7.74341121e+01  5.01187234e+06 -1.74971710e+02 
 5.06990708e+06  5.06990708e+06  0.00000000e+00  5.06990708e+06 -7.76335639e+01  5.06990708e+06 -1.75032583e+02 
 5.12861384e+06  5.12861384e+06  0.00000000e+00  5.12861384e+06 -7.78330282e+01  5.12861384e+06 -1.75092806e+02 
 5.18800039e+06  5.18800039e+06  0.00000000e+00  5.18800039e+06 -7.80325046e+01  5.18800039e+06 -1.75152386e+02 
 5.24807460e+06  5.24807460e+06  0.00000000e+00  5.24807460e+06 -7.82319928e+01  5.24807460e+06 -1.75211330e+02 
 5.30884444e+06  5.30884444e+06  0.00000000e+00  5.30884444e+06 -7.84314926e+01  5.30884444e+06 -1.75269646e+02 
 5.37031796e+06  5.37031796e+06  0.00000000e+00  5.37031796e+06 -7.86310037e+01  5.37031796e+06 -1.75327341e+02 
 5.43250331e+06  5.43250331e+06  0.00000000e+00  5.43250331e+06 -7.88305259e+01  5.43250331e+06 -1.75384424e+02 
 5.49540874e+06  5.49540874e+06  0.00000000e+00  5.49540874e+06 -7.90300588e+01  5.49540874e+06 -1.75440900e+02 
 5.55904257e+06  5.55904257e+06  0.00000000e+00  5.55904257e+06 -7.92296024e+01  5.55904257e+06 -1.75496779e+02 
 5.62341325e+06  5.62341325e+06  0.00000000e+00  5.62341325e+06 -7.94291562e+01  5.62341325e+06 -1.75552066e+02 
 5.68852931e+06  5.68852931e+06  0.00000000e+00  5.68852931e+06 -7.96287202e+01  5.68852931e+06 -1.75606769e+02 
 5.75439937e+06  5.75439937e+06  0.00000000e+00  5.75439937e+06 -7.98282940e+01  5.75439937e+06 -1.75660894e+02 
 5.82103218e+06  5.82103218e+06  0.00000000e+00  5.82103218e+06 -8.00278775e+01  5.82103218e+06 -1.75714450e+02 
 5.88843655e+06  5.88843655e+06  0.00000000e+00  5.88843655e+06 -8.02274703e+01  5.88843655e+06 -1.75767443e+02 
 5.95662144e+06  5.95662144e+06  0.00000000e+00  5.95662144e+06 -8.04270724e+01  5.95662144e+06 -1.75819880e+02 
 6.02559586e+06  6.02559586e+06  0.00000000e+00  6.02559586e+06 -8.06266835e+01  6.02559586e+06 -1.75871767e+02 
 6.09536897e+06  6.09536897e+06  0.00000000e+00  6.09536897e+06 -8.08263033e+01  6.09536897e+06 -1.75923111e+02 
 6.16595002e+06  6.16595002e+06  0.00000000e+00  6.16595002e+06 -8.10259318e+01  6.16595002e+06 -1.75973919e+02 
 6.23734835e+06  6.23734835e+06  0.00000000e+00  6.23734835e+06 -8.12255686e+01  6.23734835e+06 -1.76024198e+02 
 6.30957344e+06  6.30957344e+06  0.00000000e+00  6.30957344e+06 -8.14252137e+01  6.30957344e+06 -1.76073954e+02 
 6.38263486e+06  6.38263486e+06  0.00000000e+00  6.38263486e+06 -8.16248668e+01  6.38263486e+06 -1.76123193e+02 
 6.45654229e+06  6.45654229e+06  0.00000000e+00  6.45654229e+06 -8.18245277e+01  6.45654229e+06 -1.76171922e+02 
 6.53130553e+06  6.53130553e+06  0.00000000e+00  6.53130553e+06 -8.20241963e+01  6.53130553e+06 -1.76220148e+02 
 6.60693448e+06  6.60693448e+06  0.00000000e+00  6.60693448e+06 -8.22238724e+01  6.60693448e+06 -1.76267876e+02 
 6.68343918e+06  6.68343918e+06  0.00000000e+00  6.68343918e+06 -8.24235558e+01  6.68343918e+06 -1.76315112e+02 
 6.76082975e+06  6.76082975e+06  0.00000000e+00  6.76082975e+06 -8.26232463e+01  6.76082975e+06 -1.76361864e+02 
 6.83911647e+06  6.83911647e+06  0.00000000e+00  6.83911647e+06 -8.28229438e+01  6.83911647e+06 -1.76408136e+02 
 6.91830971e+06  6.91830971e+06  0.00000000e+00  6.91830971e+06 -8.30226482e+01  6.91830971e+06 -1.76453936e+02 
 6.99841996e+06  6.99841996e+06  0.00000000e+00  6.99841996e+06 -8.32223592e+01  6.99841996e+06 -1.76499268e+02 
 7.07945784e+06  7.07945784e+06  0.00000000e+00  7.07945784e+06 -8.34220767e+01  7.07945784e+06 -1.76544139e+02 
 7.16143410e+06  7.16143410e+06  0.00000000e+00  7.16143410e+06 -8.36218006e+01  7.16143410e+06 -1.76588555e+02 
 7.24435960e+06  7.24435960e+06  0.00000000e+00  7.24435960e+06 -8.38215308e+01  7.24435960e+06 -1.76632521e+02 
 7.32824533e+06  7.32824533e+06  0.00000000e+00  7.32824533e+06 -8.40212670e+01  7.32824533e+06 -1.76676043e+02 
 7.41310241e+06  7.41310241e+06  0.00000000e+00  7.41310241e+06 -8.42210092e+01  7.41310241e+06 -1.76719128e+02 
 7.49894209e+06  7.49894209e+06  0.00000000e+00  7.49894209e+06 -8.44207572e+01  7.49894209e+06 -1.76761780e+02 
 7.58577575e+06  7.58577575e+06  0.00000000e+00  7.58577575e+06 -8.46205108e+01  7.58577575e+06 -1.76804004e+02 
 7.67361489e+06  7.67361489e+06  0.00000000e+00  7.67361489e+06 -8.48202700e+01  7.67361489e+06 -1.76845808e+02 
 7.76247117e+06  7.76247117e+06  0.00000000e+00  7.76247117e+06 -8.50200347e+01  7.76247117e+06 -1.76887196e+02 
 7.85235635e+06  7.85235635e+06  0.00000000e+00  7.85235635e+06 -8.52198046e+01  7.85235635e+06 -1.76928173e+02 
 7.94328235e+06  7.94328235e+06  0.00000000e+00  7.94328235e+06 -8.54195797e+01  7.94328235e+06 -1.76968745e+02 
 8.03526122e+06  8.03526122e+06  0.00000000e+00  8.03526122e+06 -8.56193599e+01  8.03526122e+06 -1.77008917e+02 
 8.12830516e+06  8.12830516e+06  0.00000000e+00  8.12830516e+06 -8.58191450e+01  8.12830516e+06 -1.77048695e+02 
 8.22242650e+06  8.22242650e+06  0.00000000e+00  8.22242650e+06 -8.60189349e+01  8.22242650e+06 -1.77088083e+02 
 8.31763771e+06  8.31763771e+06  0.00000000e+00  8.31763771e+06 -8.62187295e+01  8.31763771e+06 -1.77127087e+02 
 8.41395142e+06  8.41395142e+06  0.00000000e+00  8.41395142e+06 -8.64185288e+01  8.41395142e+06 -1.77165712e+02 
 8.51138038e+06  8.51138038e+06  0.00000000e+00  8.51138038e+06 -8.66183325e+01  8.51138038e+06 -1.77203963e+02 
 8.60993752e+06  8.60993752e+06  0.00000000e+00  8.60993752e+06 -8.68181407e+01  8.60993752e+06 -1.77241844e+02 
 8.70963590e+06  8.70963590e+06  0.00000000e+00  8.70963590e+06 -8.70179531e+01  8.70963590e+06 -1.77279362e+02 
 8.81048873e+06  8.81048873e+06  0.00000000e+00  8.81048873e+06 -8.72177698e+01  8.81048873e+06 -1.77316521e+02 
 8.91250938e+06  8.91250938e+06  0.00000000e+00  8.91250938e+06 -8.74175905e+01  8.91250938e+06 -1.77353325e+02 
 9.01571138e+06  9.01571138e+06  0.00000000e+00  9.01571138e+06 -8.76174153e+01  9.01571138e+06 -1.77389780e+02 
 9.12010839e+06  9.12010839e+06  0.00000000e+00  9.12010839e+06 -8.78172439e+01  9.12010839e+06 -1.77425890e+02 
 9.22571427e+06  9.22571427e+06  0.00000000e+00  9.22571427e+06 -8.80170764e+01  9.22571427e+06 -1.77461661e+02 
 9.33254301e+06  9.33254301e+06  0.00000000e+00  9.33254301e+06 -8.82169127e+01  9.33254301e+06 -1.77497096e+02 
 9.44060876e+06  9.44060876e+06  0.00000000e+00  9.44060876e+06 -8.84167526e+01  9.44060876e+06 -1.77532201e+02 
 9.54992586e+06  9.54992586e+06  0.00000000e+00  9.54992586e+06 -8.86165960e+01  9.54992586e+06 -1.77566979e+02 
 9.66050879e+06  9.66050879e+06  0.00000000e+00  9.66050879e+06 -8.88164429e+01  9.66050879e+06 -1.77601437e+02 
 9.77237221e+06  9.77237221e+06  0.00000000e+00  9.77237221e+06 -8.90162933e+01  9.77237221e+06 -1.77635577e+02 
 9.88553095e+06  9.88553095e+06  0.00000000e+00  9.88553095e+06 -8.92161469e+01  9.88553095e+06 -1.77669405e+02 
 1.00000000e+07  1.00000000e+07  0.00000000e+00  1.00000000e+07 -8.94160038e+01  1.00000000e+07 -1.77702925e+02 
 1.01157945e+07  1.01157945e+07  0.00000000e+00  1.01157945e+07 -8.96158639e+01  1.01157945e+07 -1.77736142e+02 
 1.02329299e+07  1.02329299e+07  0.00000000e+00  1.02329299e+07 -8.98157271e+01  1.02329299e+07 -1.77769060e+02 
 1.03514217e+07  1.03514217e+07  0.00000000e+00  1.03514217e+07 -9.00155932e+01  1.03514217e+07 -1.77801682e+02 
 1.04712855e+07  1.04712855e+07  0.00000000e+00  1.04712855e+07 -9.02154624e+01  1.04712855e+07 -1.77834015e+02 
 1.05925373e+07  1.05925373e+07  0.00000000e+00  1.05925373e+07 -9.04153344e+01  1.05925373e+07 -1.77866061e+02 
 1.07151931e+07  1.07151931e+07  0.00000000e+00  1.07151931e+07 -9.06152093e+01  1.07151931e+07 -1.77897825e+02 
 1.08392691e+07  1.08392691e+07  0.00000000e+00  1.08392691e+07 -9.08150868e+01  1.08392691e+07 -1.77929311e+02 
 1.09647820e+07  1.09647820e+07  0.00000000e+00  1.09647820e+07 -9.10149671e+01  1.09647820e+07 -1.77960523e+02 
 1.10917482e+07  1.10917482e+07  0.00000000e+00  1.10917482e+07 -9.12148500e+01  1.10917482e+07 -1.77991466e+02 
 1.12201845e+07  1.12201845e+07  0.00000000e+00  1.12201845e+07 -9.14147355e+01  1.12201845e+07 -1.78022144e+02 
 1.13501082e+07  1.13501082e+07  0.00000000e+00  1.13501082e+07 -9.16146234e+01  1.13501082e+07 -1.78052559e+02 
 1.14815362e+07  1.14815362e+07  0.00000000e+00  1.14815362e+07 -9.18145138e+01  1.14815362e+07 -1.78082718e+02 
 1.16144861e+07  1.16144861e+07  0.00000000e+00  1.16144861e+07 -9.20144066e+01  1.16144861e+07 -1.78112623e+02 
 1.17489755e+07  1.17489755e+07  0.00000000e+00  1.17489755e+07 -9.22143017e+01  1.17489755e+07 -1.78142278e+02 
 1.18850223e+07  1.18850223e+07  0.00000000e+00  1.18850223e+07 -9.24141991e+01  1.18850223e+07 -1.78171688e+02 
 1.20226443e+07  1.20226443e+07  0.00000000e+00  1.20226443e+07 -9.26140987e+01  1.20226443e+07 -1.78200856e+02 
 1.21618600e+07  1.21618600e+07  0.00000000e+00  1.21618600e+07 -9.28140004e+01  1.21618600e+07 -1.78229786e+02 
 1.23026877e+07  1.23026877e+07  0.00000000e+00  1.23026877e+07 -9.30139043e+01  1.23026877e+07 -1.78258482e+02 
 1.24451461e+07  1.24451461e+07  0.00000000e+00  1.24451461e+07 -9.32138102e+01  1.24451461e+07 -1.78286948e+02 
 1.25892541e+07  1.25892541e+07  0.00000000e+00  1.25892541e+07 -9.34137182e+01  1.25892541e+07 -1.78315187e+02 
 1.27350308e+07  1.27350308e+07  0.00000000e+00  1.27350308e+07 -9.36136281e+01  1.27350308e+07 -1.78343203e+02 
 1.28824955e+07  1.28824955e+07  0.00000000e+00  1.28824955e+07 -9.38135399e+01  1.28824955e+07 -1.78371000e+02 
 1.30316678e+07  1.30316678e+07  0.00000000e+00  1.30316678e+07 -9.40134536e+01  1.30316678e+07 -1.78398582e+02 
 1.31825674e+07  1.31825674e+07  0.00000000e+00  1.31825674e+07 -9.42133691e+01  1.31825674e+07 -1.78425951e+02 
 1.33352143e+07  1.33352143e+07  0.00000000e+00  1.33352143e+07 -9.44132863e+01  1.33352143e+07 -1.78453113e+02 
 1.34896288e+07  1.34896288e+07  0.00000000e+00  1.34896288e+07 -9.46132053e+01  1.34896288e+07 -1.78480070e+02 
 1.36458314e+07  1.36458314e+07  0.00000000e+00  1.36458314e+07 -9.48131260e+01  1.36458314e+07 -1.78506826e+02 
 1.38038426e+07  1.38038426e+07  0.00000000e+00  1.38038426e+07 -9.50130484e+01  1.38038426e+07 -1.78533384e+02 
 1.39636836e+07  1.39636836e+07  0.00000000e+00  1.39636836e+07 -9.52129723e+01  1.39636836e+07 -1.78559749e+02 
 1.41253754e+07  1.41253754e+07  0.00000000e+00  1.41253754e+07 -9.54128979e+01  1.41253754e+07 -1.78585923e+02 
 1.42889396e+07  1.42889396e+07  0.00000000e+00  1.42889396e+07 -9.56128249e+01  1.42889396e+07 -1.78611909e+02 
 1.44543977e+07  1.44543977e+07  0.00000000e+00  1.44543977e+07 -9.58127534e+01  1.44543977e+07 -1.78637712e+02 
 1.46217717e+07  1.46217717e+07  0.00000000e+00  1.46217717e+07 -9.60126834e+01  1.46217717e+07 -1.78663335e+02 
 1.47910839e+07  1.47910839e+07  0.00000000e+00  1.47910839e+07 -9.62126148e+01  1.47910839e+07 -1.78688781e+02 
 1.49623566e+07  1.49623566e+07  0.00000000e+00  1.49623566e+07 -9.64125476e+01  1.49623566e+07 -1.78714053e+02 
 1.51356125e+07  1.51356125e+07  0.00000000e+00  1.51356125e+07 -9.66124817e+01  1.51356125e+07 -1.78739156e+02 
 1.53108746e+07  1.53108746e+07  0.00000000e+00  1.53108746e+07 -9.68124172e+01  1.53108746e+07 -1.78764091e+02 
 1.54881662e+07  1.54881662e+07  0.00000000e+00  1.54881662e+07 -9.70123539e+01  1.54881662e+07 -1.78788863e+02 
 1.56675107e+07  1.56675107e+07  0.00000000e+00  1.56675107e+07 -9.72122918e+01  1.56675107e+07 -1.78813475e+02 
 1.58489319e+07  1.58489319e+07  0.00000000e+00  1.58489319e+07 -9.74122309e+01  1.58489319e+07 -1.78837929e+02 
 1.60324539e+07  1.60324539e+07  0.00000000e+00  1.60324539e+07 -9.76121713e+01  1.60324539e+07 -1.78862230e+02 
 1.62181010e+07  1.62181010e+07  0.00000000e+00  1.62181010e+07 -9.78121127e+01  1.62181010e+07 -1.78886380e+02 
 1.64058977e+07  1.64058977e+07  0.00000000e+00  1.64058977e+07 -9.80120553e+01  1.64058977e+07 -1.78910383e+02 
 1.65958691e+07  1.65958691e+07  0.00000000e+00  1.65958691e+07 -9.82119990e+01  1.65958691e+07 -1.78934241e+02 
 1.67880402e+07  1.67880402e+07  0.00000000e+00  1.67880402e+07 -9.84119437e+01  1.67880402e+07 -1.78957959e+02 
 1.69824365e+07  1.69824365e+07  0.00000000e+00  1.69824365e+07 -9.86118894e+01  1.69824365e+07 -1.78981539e+02 
 1.71790839e+07  1.71790839e+07  0.00000000e+00  1.71790839e+07 -9.88118361e+01  1.71790839e+07 -1.79004983e+02 
 1.73780083e+07  1.73780083e+07  0.00000000e+00  1.73780083e+07 -9.90117838e+01  1.73780083e+07 -1.79028296e+02 
 1.75792361e+07  1.75792361e+07  0.00000000e+00  1.75792361e+07 -9.92117324e+01  1.75792361e+07 -1.79051481e+02 
 1.77827941e+07  1.77827941e+07  0.00000000e+00  1.77827941e+07 -9.94116820e+01  1.77827941e+07 -1.79074540e+02 
 1.79887092e+07  1.79887092e+07  0.00000000e+00  1.79887092e+07 -9.96116324e+01  1.79887092e+07 -1.79097476e+02 
 1.81970086e+07  1.81970086e+07  0.00000000e+00  1.81970086e+07 -9.98115837e+01  1.81970086e+07 -1.79120293e+02 
 1.84077200e+07  1.84077200e+07  0.00000000e+00  1.84077200e+07 -1.00011536e+02  1.84077200e+07 -1.79142994e+02 
 1.86208714e+07  1.86208714e+07  0.00000000e+00  1.86208714e+07 -1.00211489e+02  1.86208714e+07 -1.79165581e+02 
 1.88364909e+07  1.88364909e+07  0.00000000e+00  1.88364909e+07 -1.00411442e+02  1.88364909e+07 -1.79188057e+02 
 1.90546072e+07  1.90546072e+07  0.00000000e+00  1.90546072e+07 -1.00611397e+02  1.90546072e+07 -1.79210426e+02 
 1.92752491e+07  1.92752491e+07  0.00000000e+00  1.92752491e+07 -1.00811352e+02  1.92752491e+07 -1.79232691e+02 
 1.94984460e+07  1.94984460e+07  0.00000000e+00  1.94984460e+07 -1.01011308e+02  1.94984460e+07 -1.79254854e+02 
 1.97242274e+07  1.97242274e+07  0.00000000e+00  1.97242274e+07 -1.01211265e+02  1.97242274e+07 -1.79276918e+02 
 1.99526231e+07  1.99526231e+07  0.00000000e+00  1.99526231e+07 -1.01411222e+02  1.99526231e+07 -1.79298887e+02 
 2.01836636e+07  2.01836636e+07  0.00000000e+00  2.01836636e+07 -1.01611180e+02  2.01836636e+07 -1.79320762e+02 
 2.04173794e+07  2.04173794e+07  0.00000000e+00  2.04173794e+07 -1.01811138e+02  2.04173794e+07 -1.79342548e+02 
 2.06538016e+07  2.06538016e+07  0.00000000e+00  2.06538016e+07 -1.02011097e+02  2.06538016e+07 -1.79364247e+02 
 2.08929613e+07  2.08929613e+07  0.00000000e+00  2.08929613e+07 -1.02211057e+02  2.08929613e+07 -1.79385862e+02 
 2.11348904e+07  2.11348904e+07  0.00000000e+00  2.11348904e+07 -1.02411017e+02  2.11348904e+07 -1.79407395e+02 
 2.13796209e+07  2.13796209e+07  0.00000000e+00  2.13796209e+07 -1.02610978e+02  2.13796209e+07 -1.79428850e+02 
 2.16271852e+07  2.16271852e+07  0.00000000e+00  2.16271852e+07 -1.02810939e+02  2.16271852e+07 -1.79450229e+02 
 2.18776162e+07  2.18776162e+07  0.00000000e+00  2.18776162e+07 -1.03010901e+02  2.18776162e+07 -1.79471535e+02 
 2.21309471e+07  2.21309471e+07  0.00000000e+00  2.21309471e+07 -1.03210863e+02  2.21309471e+07 -1.79492772e+02 
 2.23872114e+07  2.23872114e+07  0.00000000e+00  2.23872114e+07 -1.03410826e+02  2.23872114e+07 -1.79513941e+02 
 2.26464431e+07  2.26464431e+07  0.00000000e+00  2.26464431e+07 -1.03610789e+02  2.26464431e+07 -1.79535046e+02 
 2.29086765e+07  2.29086765e+07  0.00000000e+00  2.29086765e+07 -1.03810752e+02  2.29086765e+07 -1.79556089e+02 
 2.31739465e+07  2.31739465e+07  0.00000000e+00  2.31739465e+07 -1.04010716e+02  2.31739465e+07 -1.79577074e+02 
 2.34422882e+07  2.34422882e+07  0.00000000e+00  2.34422882e+07 -1.04210681e+02  2.34422882e+07 -1.79598003e+02 
 2.37137371e+07  2.37137371e+07  0.00000000e+00  2.37137371e+07 -1.04410645e+02  2.37137371e+07 -1.79618878e+02 
 2.39883292e+07  2.39883292e+07  0.00000000e+00  2.39883292e+07 -1.04610610e+02  2.39883292e+07 -1.79639703e+02 
 2.42661010e+07  2.42661010e+07  0.00000000e+00  2.42661010e+07 -1.04810575e+02  2.42661010e+07 -1.79660480e+02 
 2.45470892e+07  2.45470892e+07  0.00000000e+00  2.45470892e+07 -1.05010541e+02  2.45470892e+07 -1.79681212e+02 
 2.48313311e+07  2.48313311e+07  0.00000000e+00  2.48313311e+07 -1.05210507e+02  2.48313311e+07 -1.79701902e+02 
 2.51188643e+07  2.51188643e+07  0.00000000e+00  2.51188643e+07 -1.05410473e+02  2.51188643e+07 -1.79722553e+02 
 2.54097271e+07  2.54097271e+07  0.00000000e+00  2.54097271e+07 -1.05610439e+02  2.54097271e+07 -1.79743166e+02 
 2.57039578e+07  2.57039578e+07  0.00000000e+00  2.57039578e+07 -1.05810406e+02  2.57039578e+07 -1.79763746e+02 
 2.60015956e+07  2.60015956e+07  0.00000000e+00  2.60015956e+07 -1.06010373e+02  2.60015956e+07 -1.79784294e+02 
 2.63026799e+07  2.63026799e+07  0.00000000e+00  2.63026799e+07 -1.06210340e+02  2.63026799e+07 -1.79804814e+02 
 2.66072506e+07  2.66072506e+07  0.00000000e+00  2.66072506e+07 -1.06410307e+02  2.66072506e+07 -1.79825308e+02 
 2.69153480e+07  2.69153480e+07  0.00000000e+00  2.69153480e+07 -1.06610274e+02  2.69153480e+07 -1.79845779e+02 
 2.72270131e+07  2.72270131e+07  0.00000000e+00  2.72270131e+07 -1.06810242e+02  2.72270131e+07 -1.79866230e+02 
 2.75422870e+07  2.75422870e+07  0.00000000e+00  2.75422870e+07 -1.07010209e+02  2.75422870e+07 -1.79886662e+02 
 2.78612117e+07  2.78612117e+07  0.00000000e+00  2.78612117e+07 -1.07210177e+02  2.78612117e+07 -1.79907080e+02 
 2.81838293e+07  2.81838293e+07  0.00000000e+00  2.81838293e+07 -1.07410145e+02  2.81838293e+07 -1.79927485e+02 
 2.85101827e+07  2.85101827e+07  0.00000000e+00  2.85101827e+07 -1.07610113e+02  2.85101827e+07 -1.79947881e+02 
 2.88403150e+07  2.88403150e+07  0.00000000e+00  2.88403150e+07 -1.07810080e+02  2.88403150e+07 -1.79968270e+02 
 2.91742701e+07  2.91742701e+07  0.00000000e+00  2.91742701e+07 -1.08010048e+02  2.91742701e+07 -1.79988655e+02 
 2.95120923e+07  2.95120923e+07  0.00000000e+00  2.95120923e+07 -1.08210016e+02  2.95120923e+07 -1.80009038e+02 
 2.98538262e+07  2.98538262e+07  0.00000000e+00  2.98538262e+07 -1.08409984e+02  2.98538262e+07 -1.80029422e+02 
 3.01995172e+07  3.01995172e+07  0.00000000e+00  3.01995172e+07 -1.08609952e+02  3.01995172e+07 -1.80049810e+02 
 3.05492111e+07  3.05492111e+07  0.00000000e+00  3.05492111e+07 -1.08809920e+02  3.05492111e+07 -1.80070205e+02 
 3.09029543e+07  3.09029543e+07  0.00000000e+00  3.09029543e+07 -1.09009888e+02  3.09029543e+07 -1.80090609e+02 
 3.12607937e+07  3.12607937e+07  0.00000000e+00  3.12607937e+07 -1.09209856e+02  3.12607937e+07 -1.80111025e+02 
 3.16227766e+07  3.16227766e+07  0.00000000e+00  3.16227766e+07 -1.09409823e+02  3.16227766e+07 -1.80131456e+02 
 3.19889511e+07  3.19889511e+07  0.00000000e+00  3.19889511e+07 -1.09609791e+02  3.19889511e+07 -1.80151904e+02 
 3.23593657e+07  3.23593657e+07  0.00000000e+00  3.23593657e+07 -1.09809758e+02  3.23593657e+07 -1.80172372e+02 
 3.27340695e+07  3.27340695e+07  0.00000000e+00  3.27340695e+07 -1.10009726e+02  3.27340695e+07 -1.80192863e+02 
 3.31131121e+07  3.31131121e+07  0.00000000e+00  3.31131121e+07 -1.10209693e+02  3.31131121e+07 -1.80213380e+02 
 3.34965439e+07  3.34965439e+07  0.00000000e+00  3.34965439e+07 -1.10409660e+02  3.34965439e+07 -1.80233925e+02 
 3.38844156e+07  3.38844156e+07  0.00000000e+00  3.38844156e+07 -1.10609627e+02  3.38844156e+07 -1.80254500e+02 
 3.42767787e+07  3.42767787e+07  0.00000000e+00  3.42767787e+07 -1.10809593e+02  3.42767787e+07 -1.80275110e+02 
 3.46736850e+07  3.46736850e+07  0.00000000e+00  3.46736850e+07 -1.11009560e+02  3.46736850e+07 -1.80295756e+02 
 3.50751874e+07  3.50751874e+07  0.00000000e+00  3.50751874e+07 -1.11209526e+02  3.50751874e+07 -1.80316441e+02 
 3.54813389e+07  3.54813389e+07  0.00000000e+00  3.54813389e+07 -1.11409492e+02  3.54813389e+07 -1.80337168e+02 
 3.58921935e+07  3.58921935e+07  0.00000000e+00  3.58921935e+07 -1.11609457e+02  3.58921935e+07 -1.80357939e+02 
 3.63078055e+07  3.63078055e+07  0.00000000e+00  3.63078055e+07 -1.11809423e+02  3.63078055e+07 -1.80378758e+02 
 3.67282300e+07  3.67282300e+07  0.00000000e+00  3.67282300e+07 -1.12009388e+02  3.67282300e+07 -1.80399627e+02 
 3.71535229e+07  3.71535229e+07  0.00000000e+00  3.71535229e+07 -1.12209352e+02  3.71535229e+07 -1.80420549e+02 
 3.75837404e+07  3.75837404e+07  0.00000000e+00  3.75837404e+07 -1.12409317e+02  3.75837404e+07 -1.80441526e+02 
 3.80189396e+07  3.80189396e+07  0.00000000e+00  3.80189396e+07 -1.12609281e+02  3.80189396e+07 -1.80462562e+02 
 3.84591782e+07  3.84591782e+07  0.00000000e+00  3.84591782e+07 -1.12809244e+02  3.84591782e+07 -1.80483660e+02 
 3.89045145e+07  3.89045145e+07  0.00000000e+00  3.89045145e+07 -1.13009207e+02  3.89045145e+07 -1.80504821e+02 
 3.93550075e+07  3.93550075e+07  0.00000000e+00  3.93550075e+07 -1.13209170e+02  3.93550075e+07 -1.80526049e+02 
 3.98107171e+07  3.98107171e+07  0.00000000e+00  3.98107171e+07 -1.13409132e+02  3.98107171e+07 -1.80547347e+02 
 4.02717034e+07  4.02717034e+07  0.00000000e+00  4.02717034e+07 -1.13609094e+02  4.02717034e+07 -1.80568717e+02 
 4.07380278e+07  4.07380278e+07  0.00000000e+00  4.07380278e+07 -1.13809055e+02  4.07380278e+07 -1.80590162e+02 
 4.12097519e+07  4.12097519e+07  0.00000000e+00  4.12097519e+07 -1.14009016e+02  4.12097519e+07 -1.80611686e+02 
 4.16869383e+07  4.16869383e+07  0.00000000e+00  4.16869383e+07 -1.14208977e+02  4.16869383e+07 -1.80633290e+02 
 4.21696503e+07  4.21696503e+07  0.00000000e+00  4.21696503e+07 -1.14408936e+02  4.21696503e+07 -1.80654978e+02 
 4.26579519e+07  4.26579519e+07  0.00000000e+00  4.26579519e+07 -1.14608896e+02  4.26579519e+07 -1.80676753e+02 
 4.31519077e+07  4.31519077e+07  0.00000000e+00  4.31519077e+07 -1.14808854e+02  4.31519077e+07 -1.80698618e+02 
 4.36515832e+07  4.36515832e+07  0.00000000e+00  4.36515832e+07 -1.15008812e+02  4.36515832e+07 -1.80720575e+02 
 4.41570447e+07  4.41570447e+07  0.00000000e+00  4.41570447e+07 -1.15208769e+02  4.41570447e+07 -1.80742627e+02 
 4.46683592e+07  4.46683592e+07  0.00000000e+00  4.46683592e+07 -1.15408726e+02  4.46683592e+07 -1.80764777e+02 
 4.51855944e+07  4.51855944e+07  0.00000000e+00  4.51855944e+07 -1.15608682e+02  4.51855944e+07 -1.80787029e+02 
 4.57088190e+07  4.57088190e+07  0.00000000e+00  4.57088190e+07 -1.15808637e+02  4.57088190e+07 -1.80809385e+02 
 4.62381021e+07  4.62381021e+07  0.00000000e+00  4.62381021e+07 -1.16008592e+02  4.62381021e+07 -1.80831848e+02 
 4.67735141e+07  4.67735141e+07  0.00000000e+00  4.67735141e+07 -1.16208546e+02  4.67735141e+07 -1.80854421e+02 
 4.73151259e+07  4.73151259e+07  0.00000000e+00  4.73151259e+07 -1.16408499e+02  4.73151259e+07 -1.80877107e+02 
 4.78630092e+07  4.78630092e+07  0.00000000e+00  4.78630092e+07 -1.16608451e+02  4.78630092e+07 -1.80899910e+02 
 4.84172368e+07  4.84172368e+07  0.00000000e+00  4.84172368e+07 -1.16808402e+02  4.84172368e+07 -1.80922831e+02 
 4.89778819e+07  4.89778819e+07  0.00000000e+00  4.89778819e+07 -1.17008353e+02  4.89778819e+07 -1.80945874e+02 
 4.95450191e+07  4.95450191e+07  0.00000000e+00  4.95450191e+07 -1.17208302e+02  4.95450191e+07 -1.80969043e+02 
 5.01187234e+07  5.01187234e+07  0.00000000e+00  5.01187234e+07 -1.17408251e+02  5.01187234e+07 -1.80992340e+02 
 5.06990708e+07  5.06990708e+07  0.00000000e+00  5.06990708e+07 -1.17608199e+02  5.06990708e+07 -1.81015768e+02 
 5.12861384e+07  5.12861384e+07  0.00000000e+00  5.12861384e+07 -1.17808146e+02  5.12861384e+07 -1.81039330e+02 
 5.18800039e+07  5.18800039e+07  0.00000000e+00  5.18800039e+07 -1.18008092e+02  5.18800039e+07 -1.81063030e+02 
 5.24807460e+07  5.24807460e+07  0.00000000e+00  5.24807460e+07 -1.18208036e+02  5.24807460e+07 -1.81086871e+02 
 5.30884444e+07  5.30884444e+07  0.00000000e+00  5.30884444e+07 -1.18407980e+02  5.30884444e+07 -1.81110855e+02 
 5.37031796e+07  5.37031796e+07  0.00000000e+00  5.37031796e+07 -1.18607923e+02  5.37031796e+07 -1.81134986e+02 
 5.43250331e+07  5.43250331e+07  0.00000000e+00  5.43250331e+07 -1.18807865e+02  5.43250331e+07 -1.81159268e+02 
 5.49540874e+07  5.49540874e+07  0.00000000e+00  5.49540874e+07 -1.19007805e+02  5.49540874e+07 -1.81183703e+02 
 5.55904257e+07  5.55904257e+07  0.00000000e+00  5.55904257e+07 -1.19207744e+02  5.55904257e+07 -1.81208294e+02 
 5.62341325e+07  5.62341325e+07  0.00000000e+00  5.62341325e+07 -1.19407682e+02  5.62341325e+07 -1.81233045e+02 
 5.68852931e+07  5.68852931e+07  0.00000000e+00  5.68852931e+07 -1.19607619e+02  5.68852931e+07 -1.81257959e+02 
 5.75439937e+07  5.75439937e+07  0.00000000e+00  5.75439937e+07 -1.19807555e+02  5.75439937e+07 -1.81283040e+02 
 5.82103218e+07  5.82103218e+07  0.00000000e+00  5.82103218e+07 -1.20007489e+02  5.82103218e+07 -1.81308290e+02 
 5.88843655e+07  5.88843655e+07  0.00000000e+00  5.88843655e+07 -1.20207422e+02  5.88843655e+07 -1.81333714e+02 
 5.95662144e+07  5.95662144e+07  0.00000000e+00  5.95662144e+07 -1.20407354e+02  5.95662144e+07 -1.81359314e+02 
 6.02559586e+07  6.02559586e+07  0.00000000e+00  6.02559586e+07 -1.20607284e+02  6.02559586e+07 -1.81385093e+02 
 6.09536897e+07  6.09536897e+07  0.00000000e+00  6.09536897e+07 -1.20807213e+02  6.09536897e+07 -1.81411056e+02 
 6.16595002e+07  6.16595002e+07  0.00000000e+00  6.16595002e+07 -1.21007140e+02  6.16595002e+07 -1.81437205e+02 
 6.23734835e+07  6.23734835e+07  0.00000000e+00  6.23734835e+07 -1.21207066e+02  6.23734835e+07 -1.81463544e+02 
 6.30957344e+07  6.30957344e+07  0.00000000e+00  6.30957344e+07 -1.21406990e+02  6.30957344e+07 -1.81490077e+02 
 6.38263486e+07  6.38263486e+07  0.00000000e+00  6.38263486e+07 -1.21606912e+02  6.38263486e+07 -1.81516807e+02 
 6.45654229e+07  6.45654229e+07  0.00000000e+00  6.45654229e+07 -1.21806833e+02  6.45654229e+07 -1.81543737e+02 
 6.53130553e+07  6.53130553e+07  0.00000000e+00  6.53130553e+07 -1.22006752e+02  6.53130553e+07 -1.81570872e+02 
 6.60693448e+07  6.60693448e+07  0.00000000e+00  6.60693448e+07 -1.22206670e+02  6.60693448e+07 -1.81598214e+02 
 6.68343918e+07  6.68343918e+07  0.00000000e+00  6.68343918e+07 -1.22406586e+02  6.68343918e+07 -1.81625767e+02 
 6.76082975e+07  6.76082975e+07  0.00000000e+00  6.76082975e+07 -1.22606499e+02  6.76082975e+07 -1.81653536e+02 
 6.83911647e+07  6.83911647e+07  0.00000000e+00  6.83911647e+07 -1.22806412e+02  6.83911647e+07 -1.81681523e+02 
 6.91830971e+07  6.91830971e+07  0.00000000e+00  6.91830971e+07 -1.23006322e+02  6.91830971e+07 -1.81709732e+02 
 6.99841996e+07  6.99841996e+07  0.00000000e+00  6.99841996e+07 -1.23206230e+02  6.99841996e+07 -1.81738167e+02 
 7.07945784e+07  7.07945784e+07  0.00000000e+00  7.07945784e+07 -1.23406136e+02  7.07945784e+07 -1.81766832e+02 
 7.16143410e+07  7.16143410e+07  0.00000000e+00  7.16143410e+07 -1.23606040e+02  7.16143410e+07 -1.81795730e+02 
 7.24435960e+07  7.24435960e+07  0.00000000e+00  7.24435960e+07 -1.23805942e+02  7.24435960e+07 -1.81824866e+02 
 7.32824533e+07  7.32824533e+07  0.00000000e+00  7.32824533e+07 -1.24005842e+02  7.32824533e+07 -1.81854242e+02 
 7.41310241e+07  7.41310241e+07  0.00000000e+00  7.41310241e+07 -1.24205740e+02  7.41310241e+07 -1.81883864e+02 
 7.49894209e+07  7.49894209e+07  0.00000000e+00  7.49894209e+07 -1.24405635e+02  7.49894209e+07 -1.81913735e+02 
 7.58577575e+07  7.58577575e+07  0.00000000e+00  7.58577575e+07 -1.24605528e+02  7.58577575e+07 -1.81943858e+02 
 7.67361489e+07  7.67361489e+07  0.00000000e+00  7.67361489e+07 -1.24805419e+02  7.67361489e+07 -1.81974239e+02 
 7.76247117e+07  7.76247117e+07  0.00000000e+00  7.76247117e+07 -1.25005307e+02  7.76247117e+07 -1.82004880e+02 
 7.85235635e+07  7.85235635e+07  0.00000000e+00  7.85235635e+07 -1.25205193e+02  7.85235635e+07 -1.82035785e+02 
 7.94328235e+07  7.94328235e+07  0.00000000e+00  7.94328235e+07 -1.25405076e+02  7.94328235e+07 -1.82066960e+02 
 8.03526122e+07  8.03526122e+07  0.00000000e+00  8.03526122e+07 -1.25604957e+02  8.03526122e+07 -1.82098408e+02 
 8.12830516e+07  8.12830516e+07  0.00000000e+00  8.12830516e+07 -1.25804835e+02  8.12830516e+07 -1.82130133e+02 
 8.22242650e+07  8.22242650e+07  0.00000000e+00  8.22242650e+07 -1.26004710e+02  8.22242650e+07 -1.82162139e+02 
 8.31763771e+07  8.31763771e+07  0.00000000e+00  8.31763771e+07 -1.26204582e+02  8.31763771e+07 -1.82194431e+02 
 8.41395142e+07  8.41395142e+07  0.00000000e+00  8.41395142e+07 -1.26404452e+02  8.41395142e+07 -1.82227012e+02 
 8.51138038e+07  8.51138038e+07  0.00000000e+00  8.51138038e+07 -1.26604318e+02  8.51138038e+07 -1.82259887e+02 
 8.60993752e+07  8.60993752e+07  0.00000000e+00  8.60993752e+07 -1.26804182e+02  8.60993752e+07 -1.82293061e+02 
 8.70963590e+07  8.70963590e+07  0.00000000e+00  8.70963590e+07 -1.27004042e+02  8.70963590e+07 -1.82326537e+02 
 8.81048873e+07  8.81048873e+07  0.00000000e+00  8.81048873e+07 -1.27203900e+02  8.81048873e+07 -1.82360321e+02 
 8.91250938e+07  8.91250938e+07  0.00000000e+00  8.91250938e+07 -1.27403754e+02  8.91250938e+07 -1.82394416e+02 
 9.01571138e+07  9.01571138e+07  0.00000000e+00  9.01571138e+07 -1.27603605e+02  9.01571138e+07 -1.82428827e+02 
 9.12010839e+07  9.12010839e+07  0.00000000e+00  9.12010839e+07 -1.27803452e+02  9.12010839e+07 -1.82463558e+02 
 9.22571427e+07  9.22571427e+07  0.00000000e+00  9.22571427e+07 -1.28003296e+02  9.22571427e+07 -1.82498615e+02 
 9.33254301e+07  9.33254301e+07  0.00000000e+00  9.33254301e+07 -1.28203136e+02  9.33254301e+07 -1.82534001e+02 
 9.44060876e+07  9.44060876e+07  0.00000000e+00  9.44060876e+07 -1.28402973e+02  9.44060876e+07 -1.82569721e+02 
 9.54992586e+07  9.54992586e+07  0.00000000e+00  9.54992586e+07 -1.28602806e+02  9.54992586e+07 -1.82605780e+02 
 9.66050879e+07  9.66050879e+07  0.00000000e+00  9.66050879e+07 -1.28802635e+02  9.66050879e+07 -1.82642183e+02 
 9.77237221e+07  9.77237221e+07  0.00000000e+00  9.77237221e+07 -1.29002460e+02  9.77237221e+07 -1.82678935e+02 
 9.88553095e+07  9.88553095e+07  0.00000000e+00  9.88553095e+07 -1.29202282e+02  9.88553095e+07 -1.82716039e+02 
 1.00000000e+08  1.00000000e+08  0.00000000e+00  1.00000000e+08 -1.29402099e+02  1.00000000e+08 -1.82753502e+02 
 1.01157945e+08  1.01157945e+08  0.00000000e+00  1.01157945e+08 -1.29601912e+02  1.01157945e+08 -1.82791328e+02 
 1.02329299e+08  1.02329299e+08  0.00000000e+00  1.02329299e+08 -1.29801721e+02  1.02329299e+08 -1.82829522e+02 
 1.03514217e+08  1.03514217e+08  0.00000000e+00  1.03514217e+08 -1.30001525e+02  1.03514217e+08 -1.82868088e+02 
 1.04712855e+08  1.04712855e+08  0.00000000e+00  1.04712855e+08 -1.30201325e+02  1.04712855e+08 -1.82907033e+02 
 1.05925373e+08  1.05925373e+08  0.00000000e+00  1.05925373e+08 -1.30401120e+02  1.05925373e+08 -1.82946361e+02 
 1.07151931e+08  1.07151931e+08  0.00000000e+00  1.07151931e+08 -1.30600911e+02  1.07151931e+08 -1.82986076e+02 
 1.08392691e+08  1.08392691e+08  0.00000000e+00  1.08392691e+08 -1.30800696e+02  1.08392691e+08 -1.83026186e+02 
 1.09647820e+08  1.09647820e+08  0.00000000e+00  1.09647820e+08 -1.31000477e+02  1.09647820e+08 -1.83066693e+02 
 1.10917482e+08  1.10917482e+08  0.00000000e+00  1.10917482e+08 -1.31200253e+02  1.10917482e+08 -1.83107605e+02 
 1.12201845e+08  1.12201845e+08  0.00000000e+00  1.12201845e+08 -1.31400024e+02  1.12201845e+08 -1.83148926e+02 
 1.13501082e+08  1.13501082e+08  0.00000000e+00  1.13501082e+08 -1.31599789e+02  1.13501082e+08 -1.83190661e+02 
 1.14815362e+08  1.14815362e+08  0.00000000e+00  1.14815362e+08 -1.31799549e+02  1.14815362e+08 -1.83232817e+02 
 1.16144861e+08  1.16144861e+08  0.00000000e+00  1.16144861e+08 -1.31999303e+02  1.16144861e+08 -1.83275398e+02 
 1.17489755e+08  1.17489755e+08  0.00000000e+00  1.17489755e+08 -1.32199052e+02  1.17489755e+08 -1.83318410e+02 
 1.18850223e+08  1.18850223e+08  0.00000000e+00  1.18850223e+08 -1.32398795e+02  1.18850223e+08 -1.83361859e+02 
 1.20226443e+08  1.20226443e+08  0.00000000e+00  1.20226443e+08 -1.32598532e+02  1.20226443e+08 -1.83405750e+02 
 1.21618600e+08  1.21618600e+08  0.00000000e+00  1.21618600e+08 -1.32798263e+02  1.21618600e+08 -1.83450089e+02 
 1.23026877e+08  1.23026877e+08  0.00000000e+00  1.23026877e+08 -1.32997988e+02  1.23026877e+08 -1.83494882e+02 
 1.24451461e+08  1.24451461e+08  0.00000000e+00  1.24451461e+08 -1.33197706e+02  1.24451461e+08 -1.83540134e+02 
 1.25892541e+08  1.25892541e+08  0.00000000e+00  1.25892541e+08 -1.33397418e+02  1.25892541e+08 -1.83585852e+02 
 1.27350308e+08  1.27350308e+08  0.00000000e+00  1.27350308e+08 -1.33597123e+02  1.27350308e+08 -1.83632041e+02 
 1.28824955e+08  1.28824955e+08  0.00000000e+00  1.28824955e+08 -1.33796822e+02  1.28824955e+08 -1.83678707e+02 
 1.30316678e+08  1.30316678e+08  0.00000000e+00  1.30316678e+08 -1.33996514e+02  1.30316678e+08 -1.83725857e+02 
 1.31825674e+08  1.31825674e+08  0.00000000e+00  1.31825674e+08 -1.34196198e+02  1.31825674e+08 -1.83773497e+02 
 1.33352143e+08  1.33352143e+08  0.00000000e+00  1.33352143e+08 -1.34395875e+02  1.33352143e+08 -1.83821632e+02 
 1.34896288e+08  1.34896288e+08  0.00000000e+00  1.34896288e+08 -1.34595545e+02  1.34896288e+08 -1.83870269e+02 
 1.36458314e+08  1.36458314e+08  0.00000000e+00  1.36458314e+08 -1.34795207e+02  1.36458314e+08 -1.83919414e+02 
 1.38038426e+08  1.38038426e+08  0.00000000e+00  1.38038426e+08 -1.34994861e+02  1.38038426e+08 -1.83969073e+02 
 1.39636836e+08  1.39636836e+08  0.00000000e+00  1.39636836e+08 -1.35194507e+02  1.39636836e+08 -1.84019254e+02 
 1.41253754e+08  1.41253754e+08  0.00000000e+00  1.41253754e+08 -1.35394145e+02  1.41253754e+08 -1.84069961e+02 
 1.42889396e+08  1.42889396e+08  0.00000000e+00  1.42889396e+08 -1.35593775e+02  1.42889396e+08 -1.84121203e+02 
 1.44543977e+08  1.44543977e+08  0.00000000e+00  1.44543977e+08 -1.35793396e+02  1.44543977e+08 -1.84172985e+02 
 1.46217717e+08  1.46217717e+08  0.00000000e+00  1.46217717e+08 -1.35993008e+02  1.46217717e+08 -1.84225315e+02 
 1.47910839e+08  1.47910839e+08  0.00000000e+00  1.47910839e+08 -1.36192612e+02  1.47910839e+08 -1.84278198e+02 
 1.49623566e+08  1.49623566e+08  0.00000000e+00  1.49623566e+08 -1.36392206e+02  1.49623566e+08 -1.84331642e+02 
 1.51356125e+08  1.51356125e+08  0.00000000e+00  1.51356125e+08 -1.36591791e+02  1.51356125e+08 -1.84385654e+02 
 1.53108746e+08  1.53108746e+08  0.00000000e+00  1.53108746e+08 -1.36791366e+02  1.53108746e+08 -1.84440240e+02 
 1.54881662e+08  1.54881662e+08  0.00000000e+00  1.54881662e+08 -1.36990931e+02  1.54881662e+08 -1.84495407e+02 
 1.56675107e+08  1.56675107e+08  0.00000000e+00  1.56675107e+08 -1.37190487e+02  1.56675107e+08 -1.84551164e+02 
 1.58489319e+08  1.58489319e+08  0.00000000e+00  1.58489319e+08 -1.37390032e+02  1.58489319e+08 -1.84607515e+02 
 1.60324539e+08  1.60324539e+08  0.00000000e+00  1.60324539e+08 -1.37589567e+02  1.60324539e+08 -1.84664470e+02 
 1.62181010e+08  1.62181010e+08  0.00000000e+00  1.62181010e+08 -1.37789090e+02  1.62181010e+08 -1.84722035e+02 
 1.64058977e+08  1.64058977e+08  0.00000000e+00  1.64058977e+08 -1.37988603e+02  1.64058977e+08 -1.84780217e+02 
 1.65958691e+08  1.65958691e+08  0.00000000e+00  1.65958691e+08 -1.38188105e+02  1.65958691e+08 -1.84839024e+02 
 1.67880402e+08  1.67880402e+08  0.00000000e+00  1.67880402e+08 -1.38387595e+02  1.67880402e+08 -1.84898464e+02 
 1.69824365e+08  1.69824365e+08  0.00000000e+00  1.69824365e+08 -1.38587073e+02  1.69824365e+08 -1.84958544e+02 
 1.71790839e+08  1.71790839e+08  0.00000000e+00  1.71790839e+08 -1.38786539e+02  1.71790839e+08 -1.85019271e+02 
 1.73780083e+08  1.73780083e+08  0.00000000e+00  1.73780083e+08 -1.38985993e+02  1.73780083e+08 -1.85080654e+02 
 1.75792361e+08  1.75792361e+08  0.00000000e+00  1.75792361e+08 -1.39185434e+02  1.75792361e+08 -1.85142700e+02 
 1.77827941e+08  1.77827941e+08  0.00000000e+00  1.77827941e+08 -1.39384862e+02  1.77827941e+08 -1.85205416e+02 
 1.79887092e+08  1.79887092e+08  0.00000000e+00  1.79887092e+08 -1.39584277e+02  1.79887092e+08 -1.85268812e+02 
 1.81970086e+08  1.81970086e+08  0.00000000e+00  1.81970086e+08 -1.39783679e+02  1.81970086e+08 -1.85332895e+02 
 1.84077200e+08  1.84077200e+08  0.00000000e+00  1.84077200e+08 -1.39983067e+02  1.84077200e+08 -1.85397672e+02 
 1.86208714e+08  1.86208714e+08  0.00000000e+00  1.86208714e+08 -1.40182440e+02  1.86208714e+08 -1.85463153e+02 
 1.88364909e+08  1.88364909e+08  0.00000000e+00  1.88364909e+08 -1.40381799e+02  1.88364909e+08 -1.85529346e+02 
 1.90546072e+08  1.90546072e+08  0.00000000e+00  1.90546072e+08 -1.40581144e+02  1.90546072e+08 -1.85596258e+02 
 1.92752491e+08  1.92752491e+08  0.00000000e+00  1.92752491e+08 -1.40780473e+02  1.92752491e+08 -1.85663898e+02 
 1.94984460e+08  1.94984460e+08  0.00000000e+00  1.94984460e+08 -1.40979786e+02  1.94984460e+08 -1.85732276e+02 
 1.97242274e+08  1.97242274e+08  0.00000000e+00  1.97242274e+08 -1.41179084e+02  1.97242274e+08 -1.85801398e+02 
 1.99526231e+08  1.99526231e+08  0.00000000e+00  1.99526231e+08 -1.41378366e+02  1.99526231e+08 -1.85871274e+02 
 2.01836636e+08  2.01836636e+08  0.00000000e+00  2.01836636e+08 -1.41577631e+02  2.01836636e+08 -1.85941913e+02 
 2.04173794e+08  2.04173794e+08  0.00000000e+00  2.04173794e+08 -1.41776879e+02  2.04173794e+08 -1.86013324e+02 
 2.06538016e+08  2.06538016e+08  0.00000000e+00  2.06538016e+08 -1.41976109e+02  2.06538016e+08 -1.86085515e+02 
 2.08929613e+08  2.08929613e+08  0.00000000e+00  2.08929613e+08 -1.42175322e+02  2.08929613e+08 -1.86158495e+02 
 2.11348904e+08  2.11348904e+08  0.00000000e+00  2.11348904e+08 -1.42374517e+02  2.11348904e+08 -1.86232274e+02 
 2.13796209e+08  2.13796209e+08  0.00000000e+00  2.13796209e+08 -1.42573693e+02  2.13796209e+08 -1.86306861e+02 
 2.16271852e+08  2.16271852e+08  0.00000000e+00  2.16271852e+08 -1.42772850e+02  2.16271852e+08 -1.86382264e+02 
 2.18776162e+08  2.18776162e+08  0.00000000e+00  2.18776162e+08 -1.42971988e+02  2.18776162e+08 -1.86458494e+02 
 2.21309471e+08  2.21309471e+08  0.00000000e+00  2.21309471e+08 -1.43171105e+02  2.21309471e+08 -1.86535559e+02 
 2.23872114e+08  2.23872114e+08  0.00000000e+00  2.23872114e+08 -1.43370203e+02  2.23872114e+08 -1.86613470e+02 
 2.26464431e+08  2.26464431e+08  0.00000000e+00  2.26464431e+08 -1.43569280e+02  2.26464431e+08 -1.86692235e+02 
 2.29086765e+08  2.29086765e+08  0.00000000e+00  2.29086765e+08 -1.43768335e+02  2.29086765e+08 -1.86771864e+02 
 2.31739465e+08  2.31739465e+08  0.00000000e+00  2.31739465e+08 -1.43967368e+02  2.31739465e+08 -1.86852368e+02 
 2.34422882e+08  2.34422882e+08  0.00000000e+00  2.34422882e+08 -1.44166380e+02  2.34422882e+08 -1.86933756e+02 
 2.37137371e+08  2.37137371e+08  0.00000000e+00  2.37137371e+08 -1.44365368e+02  2.37137371e+08 -1.87016038e+02 
 2.39883292e+08  2.39883292e+08  0.00000000e+00  2.39883292e+08 -1.44564334e+02  2.39883292e+08 -1.87099224e+02 
 2.42661010e+08  2.42661010e+08  0.00000000e+00  2.42661010e+08 -1.44763275e+02  2.42661010e+08 -1.87183324e+02 
 2.45470892e+08  2.45470892e+08  0.00000000e+00  2.45470892e+08 -1.44962192e+02  2.45470892e+08 -1.87268348e+02 
 2.48313311e+08  2.48313311e+08  0.00000000e+00  2.48313311e+08 -1.45161084e+02  2.48313311e+08 -1.87354307e+02 
 2.51188643e+08  2.51188643e+08  0.00000000e+00  2.51188643e+08 -1.45359951e+02  2.51188643e+08 -1.87441211e+02 
 2.54097271e+08  2.54097271e+08  0.00000000e+00  2.54097271e+08 -1.45558791e+02  2.54097271e+08 -1.87529071e+02 
 2.57039578e+08  2.57039578e+08  0.00000000e+00  2.57039578e+08 -1.45757605e+02  2.57039578e+08 -1.87617897e+02 
 2.60015956e+08  2.60015956e+08  0.00000000e+00  2.60015956e+08 -1.45956392e+02  2.60015956e+08 -1.87707700e+02 
 2.63026799e+08  2.63026799e+08  0.00000000e+00  2.63026799e+08 -1.46155151e+02  2.63026799e+08 -1.87798490e+02 
 2.66072506e+08  2.66072506e+08  0.00000000e+00  2.66072506e+08 -1.46353881e+02  2.66072506e+08 -1.87890279e+02 
 2.69153480e+08  2.69153480e+08  0.00000000e+00  2.69153480e+08 -1.46552582e+02  2.69153480e+08 -1.87983077e+02 
 2.72270131e+08  2.72270131e+08  0.00000000e+00  2.72270131e+08 -1.46751253e+02  2.72270131e+08 -1.88076896e+02 
 2.75422870e+08  2.75422870e+08  0.00000000e+00  2.75422870e+08 -1.46949894e+02  2.75422870e+08 -1.88171746e+02 
 2.78612117e+08  2.78612117e+08  0.00000000e+00  2.78612117e+08 -1.47148503e+02  2.78612117e+08 -1.88267639e+02 
 2.81838293e+08  2.81838293e+08  0.00000000e+00  2.81838293e+08 -1.47347081e+02  2.81838293e+08 -1.88364586e+02 
 2.85101827e+08  2.85101827e+08  0.00000000e+00  2.85101827e+08 -1.47545626e+02  2.85101827e+08 -1.88462599e+02 
 2.88403150e+08  2.88403150e+08  0.00000000e+00  2.88403150e+08 -1.47744138e+02  2.88403150e+08 -1.88561689e+02 
 2.91742701e+08  2.91742701e+08  0.00000000e+00  2.91742701e+08 -1.47942615e+02  2.91742701e+08 -1.88661867e+02 
 2.95120923e+08  2.95120923e+08  0.00000000e+00  2.95120923e+08 -1.48141058e+02  2.95120923e+08 -1.88763146e+02 
 2.98538262e+08  2.98538262e+08  0.00000000e+00  2.98538262e+08 -1.48339465e+02  2.98538262e+08 -1.88865537e+02 
 3.01995172e+08  3.01995172e+08  0.00000000e+00  3.01995172e+08 -1.48537835e+02  3.01995172e+08 -1.88969052e+02 
 3.05492111e+08  3.05492111e+08  0.00000000e+00  3.05492111e+08 -1.48736168e+02  3.05492111e+08 -1.89073703e+02 
 3.09029543e+08  3.09029543e+08  0.00000000e+00  3.09029543e+08 -1.48934464e+02  3.09029543e+08 -1.89179502e+02 
 3.12607937e+08  3.12607937e+08  0.00000000e+00  3.12607937e+08 -1.49132720e+02  3.12607937e+08 -1.89286461e+02 
 3.16227766e+08  3.16227766e+08  0.00000000e+00  3.16227766e+08 -1.49330936e+02  3.16227766e+08 -1.89394593e+02 
 3.19889511e+08  3.19889511e+08  0.00000000e+00  3.19889511e+08 -1.49529111e+02  3.19889511e+08 -1.89503909e+02 
 3.23593657e+08  3.23593657e+08  0.00000000e+00  3.23593657e+08 -1.49727245e+02  3.23593657e+08 -1.89614423e+02 
 3.27340695e+08  3.27340695e+08  0.00000000e+00  3.27340695e+08 -1.49925336e+02  3.27340695e+08 -1.89726146e+02 
 3.31131121e+08  3.31131121e+08  0.00000000e+00  3.31131121e+08 -1.50123384e+02  3.31131121e+08 -1.89839091e+02 
 3.34965439e+08  3.34965439e+08  0.00000000e+00  3.34965439e+08 -1.50321387e+02  3.34965439e+08 -1.89953272e+02 
 3.38844156e+08  3.38844156e+08  0.00000000e+00  3.38844156e+08 -1.50519345e+02  3.38844156e+08 -1.90068700e+02 
 3.42767787e+08  3.42767787e+08  0.00000000e+00  3.42767787e+08 -1.50717256e+02  3.42767787e+08 -1.90185389e+02 
 3.46736850e+08  3.46736850e+08  0.00000000e+00  3.46736850e+08 -1.50915120e+02  3.46736850e+08 -1.90303351e+02 
 3.50751874e+08  3.50751874e+08  0.00000000e+00  3.50751874e+08 -1.51112935e+02  3.50751874e+08 -1.90422599e+02 
 3.54813389e+08  3.54813389e+08  0.00000000e+00  3.54813389e+08 -1.51310700e+02  3.54813389e+08 -1.90543148e+02 
 3.58921935e+08  3.58921935e+08  0.00000000e+00  3.58921935e+08 -1.51508414e+02  3.58921935e+08 -1.90665009e+02 
 3.63078055e+08  3.63078055e+08  0.00000000e+00  3.63078055e+08 -1.51706077e+02  3.63078055e+08 -1.90788196e+02 
 3.67282300e+08  3.67282300e+08  0.00000000e+00  3.67282300e+08 -1.51903686e+02  3.67282300e+08 -1.90912723e+02 
 3.71535229e+08  3.71535229e+08  0.00000000e+00  3.71535229e+08 -1.52101241e+02  3.71535229e+08 -1.91038603e+02 
 3.75837404e+08  3.75837404e+08  0.00000000e+00  3.75837404e+08 -1.52298741e+02  3.75837404e+08 -1.91165849e+02 
 3.80189396e+08  3.80189396e+08  0.00000000e+00  3.80189396e+08 -1.52496184e+02  3.80189396e+08 -1.91294475e+02 
 3.84591782e+08  3.84591782e+08  0.00000000e+00  3.84591782e+08 -1.52693569e+02  3.84591782e+08 -1.91424495e+02 
 3.89045145e+08  3.89045145e+08  0.00000000e+00  3.89045145e+08 -1.52890895e+02  3.89045145e+08 -1.91555922e+02 
 3.93550075e+08  3.93550075e+08  0.00000000e+00  3.93550075e+08 -1.53088160e+02  3.93550075e+08 -1.91688770e+02 
 3.98107171e+08  3.98107171e+08  0.00000000e+00  3.98107171e+08 -1.53285364e+02  3.98107171e+08 -1.91823053e+02 
 4.02717034e+08  4.02717034e+08  0.00000000e+00  4.02717034e+08 -1.53482504e+02  4.02717034e+08 -1.91958786e+02 
 4.07380278e+08  4.07380278e+08  0.00000000e+00  4.07380278e+08 -1.53679580e+02  4.07380278e+08 -1.92095981e+02 
 4.12097519e+08  4.12097519e+08  0.00000000e+00  4.12097519e+08 -1.53876589e+02  4.12097519e+08 -1.92234654e+02 
 4.16869383e+08  4.16869383e+08  0.00000000e+00  4.16869383e+08 -1.54073532e+02  4.16869383e+08 -1.92374817e+02 
 4.21696503e+08  4.21696503e+08  0.00000000e+00  4.21696503e+08 -1.54270405e+02  4.21696503e+08 -1.92516486e+02 
 4.26579519e+08  4.26579519e+08  0.00000000e+00  4.26579519e+08 -1.54467208e+02  4.26579519e+08 -1.92659675e+02 
 4.31519077e+08  4.31519077e+08  0.00000000e+00  4.31519077e+08 -1.54663939e+02  4.31519077e+08 -1.92804398e+02 
 4.36515832e+08  4.36515832e+08  0.00000000e+00  4.36515832e+08 -1.54860597e+02  4.36515832e+08 -1.92950668e+02 
 4.41570447e+08  4.41570447e+08  0.00000000e+00  4.41570447e+08 -1.55057179e+02  4.41570447e+08 -1.93098502e+02 
 4.46683592e+08  4.46683592e+08  0.00000000e+00  4.46683592e+08 -1.55253685e+02  4.46683592e+08 -1.93247913e+02 
 4.51855944e+08  4.51855944e+08  0.00000000e+00  4.51855944e+08 -1.55450113e+02  4.51855944e+08 -1.93398915e+02 
 4.57088190e+08  4.57088190e+08  0.00000000e+00  4.57088190e+08 -1.55646460e+02  4.57088190e+08 -1.93551524e+02 
 4.62381021e+08  4.62381021e+08  0.00000000e+00  4.62381021e+08 -1.55842726e+02  4.62381021e+08 -1.93705753e+02 
 4.67735141e+08  4.67735141e+08  0.00000000e+00  4.67735141e+08 -1.56038908e+02  4.67735141e+08 -1.93861617e+02 
 4.73151259e+08  4.73151259e+08  0.00000000e+00  4.73151259e+08 -1.56235005e+02  4.73151259e+08 -1.94019132e+02 
 4.78630092e+08  4.78630092e+08  0.00000000e+00  4.78630092e+08 -1.56431015e+02  4.78630092e+08 -1.94178311e+02 
 4.84172368e+08  4.84172368e+08  0.00000000e+00  4.84172368e+08 -1.56626935e+02  4.84172368e+08 -1.94339169e+02 
 4.89778819e+08  4.89778819e+08  0.00000000e+00  4.89778819e+08 -1.56822765e+02  4.89778819e+08 -1.94501721e+02 
 4.95450191e+08  4.95450191e+08  0.00000000e+00  4.95450191e+08 -1.57018502e+02  4.95450191e+08 -1.94665982e+02 
 5.01187234e+08  5.01187234e+08  0.00000000e+00  5.01187234e+08 -1.57214145e+02  5.01187234e+08 -1.94831966e+02 
 5.06990708e+08  5.06990708e+08  0.00000000e+00  5.06990708e+08 -1.57409690e+02  5.06990708e+08 -1.94999688e+02 
 5.12861384e+08  5.12861384e+08  0.00000000e+00  5.12861384e+08 -1.57605137e+02  5.12861384e+08 -1.95169163e+02 
 5.18800039e+08  5.18800039e+08  0.00000000e+00  5.18800039e+08 -1.57800483e+02  5.18800039e+08 -1.95340406e+02 
 5.24807460e+08  5.24807460e+08  0.00000000e+00  5.24807460e+08 -1.57995725e+02  5.24807460e+08 -1.95513431e+02 
 5.30884444e+08  5.30884444e+08  0.00000000e+00  5.30884444e+08 -1.58190863e+02  5.30884444e+08 -1.95688252e+02 
 5.37031796e+08  5.37031796e+08  0.00000000e+00  5.37031796e+08 -1.58385893e+02  5.37031796e+08 -1.95864886e+02 
 5.43250331e+08  5.43250331e+08  0.00000000e+00  5.43250331e+08 -1.58580814e+02  5.43250331e+08 -1.96043345e+02 
 5.49540874e+08  5.49540874e+08  0.00000000e+00  5.49540874e+08 -1.58775622e+02  5.49540874e+08 -1.96223646e+02 
 5.55904257e+08  5.55904257e+08  0.00000000e+00  5.55904257e+08 -1.58970317e+02  5.55904257e+08 -1.96405801e+02 
 5.62341325e+08  5.62341325e+08  0.00000000e+00  5.62341325e+08 -1.59164895e+02  5.62341325e+08 -1.96589827e+02 
 5.68852931e+08  5.68852931e+08  0.00000000e+00  5.68852931e+08 -1.59359353e+02  5.68852931e+08 -1.96775737e+02 
 5.75439937e+08  5.75439937e+08  0.00000000e+00  5.75439937e+08 -1.59553691e+02  5.75439937e+08 -1.96963546e+02 
 5.82103218e+08  5.82103218e+08  0.00000000e+00  5.82103218e+08 -1.59747904e+02  5.82103218e+08 -1.97153269e+02 
 5.88843655e+08  5.88843655e+08  0.00000000e+00  5.88843655e+08 -1.59941992e+02  5.88843655e+08 -1.97344919e+02 
 5.95662144e+08  5.95662144e+08  0.00000000e+00  5.95662144e+08 -1.60135950e+02  5.95662144e+08 -1.97538511e+02 
 6.02559586e+08  6.02559586e+08  0.00000000e+00  6.02559586e+08 -1.60329776e+02  6.02559586e+08 -1.97734059e+02 
 6.09536897e+08  6.09536897e+08  0.00000000e+00  6.09536897e+08 -1.60523468e+02  6.09536897e+08 -1.97931577e+02 
 6.16595002e+08  6.16595002e+08  0.00000000e+00  6.16595002e+08 -1.60717023e+02  6.16595002e+08 -1.98131079e+02 
 6.23734835e+08  6.23734835e+08  0.00000000e+00  6.23734835e+08 -1.60910438e+02  6.23734835e+08 -1.98332578e+02 
 6.30957344e+08  6.30957344e+08  0.00000000e+00  6.30957344e+08 -1.61103711e+02  6.30957344e+08 -1.98536090e+02 
 6.38263486e+08  6.38263486e+08  0.00000000e+00  6.38263486e+08 -1.61296838e+02  6.38263486e+08 -1.98741627e+02 
 6.45654229e+08  6.45654229e+08  0.00000000e+00  6.45654229e+08 -1.61489817e+02  6.45654229e+08 -1.98949203e+02 
 6.53130553e+08  6.53130553e+08  0.00000000e+00  6.53130553e+08 -1.61682645e+02  6.53130553e+08 -1.99158831e+02 
 6.60693448e+08  6.60693448e+08  0.00000000e+00  6.60693448e+08 -1.61875318e+02  6.60693448e+08 -1.99370524e+02 
 6.68343918e+08  6.68343918e+08  0.00000000e+00  6.68343918e+08 -1.62067834e+02  6.68343918e+08 -1.99584296e+02 
 6.76082975e+08  6.76082975e+08  0.00000000e+00  6.76082975e+08 -1.62260190e+02  6.76082975e+08 -1.99800160e+02 
 6.83911647e+08  6.83911647e+08  0.00000000e+00  6.83911647e+08 -1.62452382e+02  6.83911647e+08 -2.00018127e+02 
 6.91830971e+08  6.91830971e+08  0.00000000e+00  6.91830971e+08 -1.62644408e+02  6.91830971e+08 -2.00238212e+02 
 6.99841996e+08  6.99841996e+08  0.00000000e+00  6.99841996e+08 -1.62836263e+02  6.99841996e+08 -2.00460426e+02 
 7.07945784e+08  7.07945784e+08  0.00000000e+00  7.07945784e+08 -1.63027946e+02  7.07945784e+08 -2.00684781e+02 
 7.16143410e+08  7.16143410e+08  0.00000000e+00  7.16143410e+08 -1.63219452e+02  7.16143410e+08 -2.00911289e+02 
 7.24435960e+08  7.24435960e+08  0.00000000e+00  7.24435960e+08 -1.63410778e+02  7.24435960e+08 -2.01139963e+02 
 7.32824533e+08  7.32824533e+08  0.00000000e+00  7.32824533e+08 -1.63601920e+02  7.32824533e+08 -2.01370814e+02 
 7.41310241e+08  7.41310241e+08  0.00000000e+00  7.41310241e+08 -1.63792876e+02  7.41310241e+08 -2.01603852e+02 
 7.49894209e+08  7.49894209e+08  0.00000000e+00  7.49894209e+08 -1.63983642e+02  7.49894209e+08 -2.01839090e+02 
 7.58577575e+08  7.58577575e+08  0.00000000e+00  7.58577575e+08 -1.64174214e+02  7.58577575e+08 -2.02076537e+02 
 7.67361489e+08  7.67361489e+08  0.00000000e+00  7.67361489e+08 -1.64364588e+02  7.67361489e+08 -2.02316205e+02 
 7.76247117e+08  7.76247117e+08  0.00000000e+00  7.76247117e+08 -1.64554761e+02  7.76247117e+08 -2.02558104e+02 
 7.85235635e+08  7.85235635e+08  0.00000000e+00  7.85235635e+08 -1.64744730e+02  7.85235635e+08 -2.02802243e+02 
 7.94328235e+08  7.94328235e+08  0.00000000e+00  7.94328235e+08 -1.64934489e+02  7.94328235e+08 -2.03048632e+02 
 8.03526122e+08  8.03526122e+08  0.00000000e+00  8.03526122e+08 -1.65124037e+02  8.03526122e+08 -2.03297281e+02 
 8.12830516e+08  8.12830516e+08  0.00000000e+00  8.12830516e+08 -1.65313368e+02  8.12830516e+08 -2.03548199e+02 
 8.22242650e+08  8.22242650e+08  0.00000000e+00  8.22242650e+08 -1.65502479e+02  8.22242650e+08 -2.03801394e+02 
 8.31763771e+08  8.31763771e+08  0.00000000e+00  8.31763771e+08 -1.65691366e+02  8.31763771e+08 -2.04056874e+02 
 8.41395142e+08  8.41395142e+08  0.00000000e+00  8.41395142e+08 -1.65880025e+02  8.41395142e+08 -2.04314648e+02 
 8.51138038e+08  8.51138038e+08  0.00000000e+00  8.51138038e+08 -1.66068452e+02  8.51138038e+08 -2.04574724e+02 
 8.60993752e+08  8.60993752e+08  0.00000000e+00  8.60993752e+08 -1.66256643e+02  8.60993752e+08 -2.04837107e+02 
 8.70963590e+08  8.70963590e+08  0.00000000e+00  8.70963590e+08 -1.66444593e+02  8.70963590e+08 -2.05101806e+02 
 8.81048873e+08  8.81048873e+08  0.00000000e+00  8.81048873e+08 -1.66632299e+02  8.81048873e+08 -2.05368827e+02 
 8.91250938e+08  8.91250938e+08  0.00000000e+00  8.91250938e+08 -1.66819757e+02  8.91250938e+08 -2.05638175e+02 
 9.01571138e+08  9.01571138e+08  0.00000000e+00  9.01571138e+08 -1.67006961e+02  9.01571138e+08 -2.05909857e+02 
 9.12010839e+08  9.12010839e+08  0.00000000e+00  9.12010839e+08 -1.67193908e+02  9.12010839e+08 -2.06183877e+02 
 9.22571427e+08  9.22571427e+08  0.00000000e+00  9.22571427e+08 -1.67380594e+02  9.22571427e+08 -2.06460240e+02 
 9.33254301e+08  9.33254301e+08  0.00000000e+00  9.33254301e+08 -1.67567014e+02  9.33254301e+08 -2.06738950e+02 
 9.44060876e+08  9.44060876e+08  0.00000000e+00  9.44060876e+08 -1.67753164e+02  9.44060876e+08 -2.07020011e+02 
 9.54992586e+08  9.54992586e+08  0.00000000e+00  9.54992586e+08 -1.67939039e+02  9.54992586e+08 -2.07303426e+02 
 9.66050879e+08  9.66050879e+08  0.00000000e+00  9.66050879e+08 -1.68124635e+02  9.66050879e+08 -2.07589198e+02 
 9.77237221e+08  9.77237221e+08  0.00000000e+00  9.77237221e+08 -1.68309947e+02  9.77237221e+08 -2.07877330e+02 
 9.88553095e+08  9.88553095e+08  0.00000000e+00  9.88553095e+08 -1.68494971e+02  9.88553095e+08 -2.08167822e+02 
 1.00000000e+09  1.00000000e+09  0.00000000e+00  1.00000000e+09 -1.68679702e+02  1.00000000e+09 -2.08460676e+02 
